Frequency,S11_Magnitude,S11_Magnitude (linear),S11_Unwrapped Phase,S12_Magnitude,S12_Magnitude (linear),S12_Unwrapped Phase,S21_Magnitude,S21_Magnitude (linear),S21_Unwrapped Phase,S22_Magnitude,S22_Magnitude (linear),S22_Unwrapped Phase,
100000,-17.17266985,0.1384734483,-5.090963844,-4.988959874,0.5630565388,-25.80585627,-4.137273409,0.621063962,-23.20106917,-14.08438329,0.1975972224,-12.70488934,
12099800,-35.97759205,0.01588987195,-114.9150829,-10.2582295,0.306964763,59.22878052,-10.24722996,0.3073537399,60.38272615,-35.84692219,0.01613072512,-101.5145469,
24099600,-42.32087961,0.007655190801,-153.8173774,-12.56166836,0.2354596977,157.6400496,-12.54284811,0.2359704356,159.053174,-42.70684577,0.007322471866,-126.4456882,
36099400,-41.41686682,0.008494868474,-133.3241549,-14.8320831,0.1812991822,259.6301606,-14.80803217,0.181801889,261.0723405,-42.13148081,0.007823948073,-137.9542318,
48099200,-41.32816185,0.008582067136,-179.7960424,-17.04431445,0.1405349287,365.4171949,-17.02631309,0.1408264869,366.9276247,-41.66368455,0.008256876186,-149.7566457,
60099000,-39.20167663,0.01096266564,-171.5718663,-19.14434834,0.1103526033,474.1597055,-19.12757455,0.1105659171,475.7792814,-41.7401983,0.008184461024,-151.5906255,
72098800,-37.76842196,0.0129294158,-181.2446228,-21.15048964,0.08759423373,584.7613556,-21.13058774,0.08779516778,586.4153833,-42.18168403,0.007778857187,-174.8149947,
84098600,-38.69502887,0.01162113527,-183.1307907,-23.02821668,0.07056497079,696.9573032,-23.01216507,0.07069549613,698.484023,-41.08563631,0.008825070519,-181.9625027,
96098400,-39.56546822,0.01051299818,-175.8704344,-24.6490828,0.05855255623,810.8699098,-24.6345607,0.05865053327,812.5378193,-40.78082824,0.009140260808,-157.5426625,
108098200,-41.19524603,0.008714404173,-202.0904033,-26.46589013,0.0475012998,925.1886326,-26.4493548,0.04759181415,926.9091363,-39.48518037,0.01061062538,-192.4504679,
120098000,-41.71654555,0.008206778696,-233.4917554,-28.01609516,0.03973701515,1040.872437,-27.99037257,0.03985486766,1042.528688,-38.55778482,0.01180621693,-204.1152841,
132097800,-40.19367299,0.00977949323,-251.0838784,-29.60569632,0.03309140324,1156.951301,-29.58363703,0.03317555131,1158.677109,-38.37330618,0.01205964965,-183.3227094,
144097600,-37.196575,0.01380928682,-222.9010882,-30.89483259,0.02852714901,1271.983184,-30.88802225,0.02854952504,1273.706162,-39.1913242,0.01097573948,-277.4472787,
156097400,-39.59325396,0.01047942134,-185.9749545,-32.19771957,0.02455353469,1390.429082,-32.1966717,0.02455649702,1392.032197,-38.52493845,0.01185094759,-187.9107689,
168097200,-37.80072577,0.01288141913,-240.4333832,-33.63149324,0.02081734491,1505.624905,-33.62537719,0.02083200832,1507.171263,-43.4856249,0.006694509392,-247.1512643,
180097000,-39.71708907,0.01033107576,-226.7091024,-34.77568121,0.01824802804,1622.858057,-34.77000251,0.0182599622,1624.671238,-43.90532347,0.006378724225,-246.0259813,
192096800,-37.42185244,0.01345573353,-167.09617,-36.26748502,0.01536829715,1740.73671,-36.27112052,0.01536186606,1742.403683,-40.52681054,0.009411513578,-187.0785236,
204096600,-39.68271033,0.01037204718,-243.791569,-36.82524941,0.01441244057,1858.468281,-36.83094111,0.01440299947,1860.168084,-43.0365657,0.007049717518,-212.4036773,
216096400,-35.46506131,0.01685570549,-242.2678378,-38.13699433,0.01239225334,1974.445681,-38.14382167,0.01238251654,1976.257331,-35.98301936,0.0158799464,-221.8553385,
228096200,-37.36362524,0.01354623913,-250.3380224,-39.29121909,0.01085023253,2093.169841,-39.30026412,0.01083893954,2094.972357,-36.30969718,0.01529379066,-232.2055727,
240096000,-35.39547802,0.01699128008,-236.5687225,-40.5987549,0.009333880899,2213.045659,-40.6101221,0.009321673668,2214.807505,-40.98197603,0.008931022805,-234.6201431,
252095800,-33.35121786,0.02150003204,-236.506252,-41.32583531,0.008584366169,2329.885647,-41.33968326,0.008570690981,2331.497038,-37.9828157,0.01261418555,-232.1595864,
264095600,-37.2472564,0.01372894547,-240.7231327,-42.66627658,0.007356752934,2446.828385,-42.69159386,0.007335340986,2448.427283,-36.50110502,0.01496045318,-235.9540336,
276095400,-32.29036832,0.02429302426,-210.3921756,-43.81003371,0.006449088167,2562.843333,-43.84470645,0.006423395712,2564.531877,-30.93558432,0.0283936212,-282.294815,
288095200,-35.46379793,0.01685815736,-224.318626,-44.31808339,0.00608269206,2689.005007,-44.34389203,0.006064645202,2690.717931,-37.49790748,0.0133384273,-221.9854373,
300095000,-34.54372411,0.01874190769,-238.6212514,-45.02384233,0.00560799843,2807.807766,-45.03053063,0.005603681828,2809.416668,-37.23818379,0.01374329316,-242.5106495,
312094800,-36.65442252,0.01469869823,-227.3402967,-46.10991429,0.004948849944,2924.753357,-46.14514152,0.004928819614,2926.323157,-35.89770642,0.01603668796,-228.2993444,
324094600,-38.10806018,0.01243360285,-236.1744662,-47.73095467,0.004106315049,3045.024689,-47.79292522,0.004077122299,3046.694934,-33.41724711,0.02133721063,-218.2664176,
336094400,-33.7673424,0.02049429012,-234.9217622,-48.99553466,0.003549958427,3166.856462,-49.05539852,0.003525575941,3168.578045,-35.65602881,0.01648916103,-237.2773161,
348094200,-31.26255348,0.0273446473,-242.548617,-48.94822678,0.0035693461,3283.283797,-48.98971182,0.003552339041,3285.002746,-32.31691754,0.02421888377,-245.7677418,
360094000,-32.38100228,0.02404085372,-254.8118787,-50.54152508,0.002971144307,3400.194978,-50.58073938,0.00295776068,3401.657484,-36.58161245,0.01482242896,-247.1823031,
372093800,-35.30006372,0.01717895785,-234.1983005,-50.93533755,0.002839442787,3521.761602,-51.01133269,0.002814708116,3523.213606,-38.68005943,0.01164118064,-267.7485212,
384093600,-32.12328667,0.024764848,-267.089951,-52.49159553,0.002373669358,3647.686951,-52.59651427,0.002345169765,3649.230123,-37.90844517,0.01272265473,-263.0417873,
396093400,-31.26762591,0.02732868309,-261.3698671,-51.96169915,0.002522987172,3755.446981,-52.03768038,0.002501013184,3757.369972,-36.2483736,0.01540214899,-254.2803433,
408093200,-31.32454093,0.02715019503,-294.232844,-53.54101419,0.00210353281,3882.318781,-53.61052767,0.002086765349,3884.225918,-36.72036248,0.01458753382,-232.4116538,
420093000,-42.42239948,0.007566238485,-260.7456879,-53.62137907,0.002084159952,4005.505482,-53.68624655,0.00206865312,4006.816861,-37.06033857,0.01402759024,-255.7343564,
432092800,-34.09190635,0.01974261527,-269.1538703,-53.7353263,0.002056997126,4125.814382,-53.91978696,0.002013773641,4127.228338,-31.57222757,0.0263869152,-255.3221534,
444092600,-32.36392176,0.02408817581,-258.7599785,-55.98948806,0.001586812441,4249.915815,-56.20849873,0.001547301916,4251.82776,-32.18770361,0.02458186445,-277.457201,
456092400,-31.28602597,0.02727085168,-261.5399314,-57.08584893,0.001398645182,4366.476627,-57.27408496,0.001368660558,4368.517145,-33.07477831,0.02219530332,-268.5438563,
468092200,-33.51714841,0.02109320529,-266.3182896,-57.59946697,0.001318337639,4488.76316,-57.66920681,0.00130779496,4490.365042,-36.13854968,0.01559812929,-269.6666275,
480092000,-32.21133299,0.02451508201,-256.8723194,-58.37778598,0.001205343141,4599.327593,-58.59099718,0.001176115953,4600.551037,-35.45076515,0.01688347124,-272.7579453,
492091800,-32.61990887,0.02338861778,-266.2125035,-58.0287576,0.001254764201,4741.558714,-58.29042707,0.001217527127,4743.110284,-37.13719291,0.01390401907,-256.3560419,
504091600,-32.33502713,0.02416844138,-275.9925858,-58.77347671,0.00115166499,4858.031671,-59.03271367,0.001117800544,4860.03525,-33.90496685,0.02017212531,-267.6438961,
516091400,-33.22965999,0.02180303743,-283.4168633,-59.12853078,0.001105537456,4961.823155,-59.28722107,0.001085522792,4964.417693,-33.26410353,0.02171674957,-265.7421278,
528091200,-31.92370966,0.02534046133,-282.0935044,-58.54188245,0.001182785188,5079.858678,-58.63168027,0.001170620126,5081.471819,-34.84707477,0.01809865332,-258.305351,
540091000,-32.14238081,0.02471046737,-282.4038839,-62.83663269,0.0007213870895,4861.723714,-63.1735316,0.0006939423942,4862.118377,-33.79559055,0.02042774709,-245.2740184,
552090800,-32.38611889,0.02402669612,-277.7250717,-62.22384596,0.0007741189558,4967.668413,-62.65072195,0.0007369939155,4968.997557,-33.40958953,0.02135603005,-274.2445788,
564090600,-32.10291931,0.0248229867,-285.2851236,-65.07943894,0.000557221741,5078.432811,-65.43965239,0.000534585753,5081.409136,-31.55379332,0.02644297618,-256.8841258,
576090400,-34.01790118,0.01991154414,-283.2732082,-62.27497859,0.0007695752113,5216.717468,-62.41519774,0.0007572514485,5218.33605,-30.93551515,0.0283938473,-253.1420767,
588090200,-30.03376707,0.03150007925,-276.2412357,-64.04131496,0.0006279632843,5335.089218,-64.15309807,0.0006199334872,5336.569676,-30.82272008,0.02876497469,-274.5669267,
600090000,-31.73663216,0.02589216656,-288.0303074,-66.95628423,0.0004489374013,5454.717602,-67.33332668,0.0004298665638,5452.477162,-30.60818751,0.02948428662,-269.5029857,
612089800,-32.48413294,0.02375709603,-286.9760401,-64.17381393,0.0006184567068,5583.667875,-64.53911894,0.0005929854714,5585.473647,-33.28619792,0.02166157864,-274.543782,
624089600,-30.39187502,0.03022777976,-278.6179605,-69.99360166,0.0003164607965,5684.832039,-70.06824752,0.0003137528098,5688.920417,-30.84705255,0.02868450586,-262.7747081,
636089400,-31.68313613,0.0260521274,-288.1942924,-64.81151221,0.0005746777588,5822.944563,-64.72143138,0.0005806687194,5824.886476,-30.30674254,0.0305255061,-268.7480129,
648089200,-30.30207033,0.03054193041,-269.7343525,-67.65256332,0.0004143542844,5926.755438,-67.53017882,0.0004202338759,5927.105067,-28.52517989,0.03747494512,-261.8510833,
660089000,-28.57067763,0.03727916005,-276.0956448,-67.53910181,0.0004198023929,6066.083981,-67.99467954,0.0003983511019,6065.467087,-27.83570836,0.0405708944,-289.4375499,
672088800,-31.40665811,0.02689472417,-286.9742942,-68.48736324,0.0003763845934,6185.826381,-68.94706073,0.0003569825303,6189.764946,-30.29395587,0.03057047638,-287.4240192,
684088600,-29.07407328,0.03518004057,-274.0159389,-67.82966582,0.0004059912831,6302.612588,-67.86639406,0.0004042781755,6306.756079,-29.63807643,0.03296827154,-290.0591232,
696088400,-29.46138841,0.03364577835,-305.2675007,-69.55914495,0.0003326923022,6432.826141,-69.24192617,0.0003450672093,6431.478342,-30.77529862,0.02892244935,-306.3867476,
708088200,-32.72653023,0.02310327187,-286.2379979,-75.02627341,0.000177290853,6583.977116,-75.53760604,0.0001671551255,6578.071668,-33.7735573,0.02047963137,-300.0870355,
720088000,-34.89985445,0.01798901059,-309.3027888,-70.4200253,0.0003012997248,6662.472796,-70.8961169,0.0002852293124,6661.69966,-30.19771064,0.03091110057,-286.2401149,
732087800,-31.51754871,0.02655354837,-283.1620623,-69.47351735,0.0003359882829,6449.937133,-69.72056423,0.000326566618,6454.687768,-31.73822429,0.02588742092,-290.2848395,
744087600,-30.7808541,0.0289039565,-301.0490319,-73.97871687,0.0002000157323,6542.09203,-73.59878913,0.0002089587413,6547.961685,-30.95217946,0.02833942453,-291.5577294,
756087400,-31.15927013,0.02767174161,-287.3092209,-78.35367432,0.0001208693772,6652.793739,-77.04987725,0.0001404449531,6653.18121,-29.14456907,0.03489567041,-277.5340495,
768087200,-29.31965071,0.03419931949,-288.5499343,-74.4673947,0.0001890733264,6444.535622,-74.66896044,0.0001847361882,6441.661748,-27.71210365,0.04115236677,-293.9799799,
780087000,-30.35357635,0.03036135728,-284.5302791,-72.8920366,0.000226672153,6565.121187,-73.50002924,0.0002113481926,6568.784533,-28.22872509,0.03877606596,-305.1817938,
792086800,-29.23356666,0.034539947,-288.9427784,-77.22422666,0.0001376539465,6659.939344,-77.33304203,0.0001359401981,6669.344177,-30.40630182,0.03017761468,-304.6565361,
804086600,-30.79472845,0.02885782382,-298.1791037,-74.02798738,0.0001988843595,6458.024433,-73.02671242,0.0002231846794,6459.254229,-30.81495513,0.02879070128,-303.4622759,
816086400,-29.86503302,0.03211798928,-288.4882499,-76.79101532,0.0001446935706,6589.890164,-76.26171851,0.0001537850345,6580.695337,-33.01411607,0.02235085786,-296.3366711,
828086200,-30.18163612,0.03096835907,-297.4321863,-79.00776723,0.0001121015554,6650.990682,-78.79135006,0.0001149297592,6643.63067,-29.69261547,0.03276191102,-297.2451369,
840086000,-30.05145323,0.03143600423,-294.1453764,-69.8231403,0.0003227327102,6749.960095,-70.28096698,0.0003061622572,6748.33157,-31.25551785,0.02736680562,-305.7120325,
852085800,-27.86663249,0.04042670781,-304.179915,-75.0319742,0.0001771745302,6584.842834,-74.14088673,0.000196315985,6589.300092,-31.51315763,0.02656697569,-288.4616354,
864085600,-29.22218228,0.03458524736,-312.281443,-76.98260904,0.0001415368573,6361.817278,-76.0042779,0.0001584112807,6718.927133,-28.21354204,0.03884390629,-291.6246478,
876085400,-29.37400932,0.03398595939,-307.8987365,-86.27993038,4.8529239e-05,6421.012093,-84.26337683,6.121123733e-05,6761.687149,-30.51318875,0.0298085302,-294.9381419,
888085200,-30.53744275,0.02972541061,-309.472272,-71.02330318,0.0002810831687,6597.852237,-71.61554864,0.0002625563753,6599.427148,-28.11415568,0.03929092162,-287.4838863,
900085000,-29.04171382,0.03531134899,-296.9801885,-88.1199855,3.926455908e-05,6444.742239,-83.92169176,6.366715039e-05,6453.55541,-28.97708054,0.03557508717,-304.5707692,
912084800,-27.04147549,0.04445557436,-304.5187317,-76.47406839,0.0001500709322,6439.606543,-75.73943671,0.0001633157856,6446.255354,-29.26441063,0.0344175117,-303.5852117,
924084600,-28.82429492,0.03620639242,-311.3881905,-88.63116837,3.702044045e-05,6528.878542,-84.11581278,6.226003507e-05,6531.532334,-29.24785956,0.03448315722,-292.3497558,
936084400,-28.90719336,0.03586248106,-303.3045564,-81.97724909,7.964115419e-05,6649.327929,-79.9868901,0.0001001510473,6635.115222,-28.49812301,0.03759186303,-301.8125046,
948084200,-28.21428375,0.03884058946,-303.0954122,-90.40983371,3.016534624e-05,6773.793947,-96.98767538,1.41454325e-05,6732.529215,-28.75113167,0.03651265523,-302.8159038,
960084000,-27.55590452,0.04189910766,-305.0085384,-81.84613064,8.085250278e-05,6553.446213,-83.20909224,6.911071527e-05,6566.700749,-28.65227946,0.03693057137,-306.2709325,
972083800,-26.71294224,0.04616925727,-306.553855,-78.62592938,0.0001171395445,6640.705276,-77.92137695,0.0001270372701,6650.938926,-26.99113692,0.04471396205,-303.86926,
984083600,-28.13454574,0.03919879466,-303.9279633,-80.27773787,9.685300644e-05,6485.590574,-79.57060377,0.0001050678418,6472.235487,-27.77742821,0.04084403028,-307.8020482,
996083400,-28.12077515,0.03926098966,-299.6680668,-79.18588088,0.0001098261996,6605.663463,-81.16234487,8.747475935e-05,6609.176236,-27.43116194,0.04250518424,-298.179672,
1008083200,-27.58168617,0.04177492623,-298.8549439,-81.80777414,8.121033336e-05,6703.02419,-84.23400297,6.141859132e-05,6714.635854,-26.63042969,0.04660993694,-307.6876551,
1020083000,-27.24363255,0.04343285445,-309.6651199,-87.2746231,4.327816564e-05,6773.406599,-87.66366973,4.138247997e-05,6796.963731,-27.97405008,0.03992983321,-307.3441263,
1032082800,-28.01412595,0.03974602511,-310.7216616,-84.05509056,6.269681392e-05,6901.561846,-81.83272486,8.097738666e-05,6908.685006,-28.0755598,0.03946589988,-311.1292272,
1044082600,-29.47313005,0.0336003265,-310.5297835,-82.0589876,7.889520703e-05,6786.70399,-84.09466441,6.241181029e-05,6780.427001,-28.22261544,0.0388033506,-315.1246987,
1056082400,-27.32993433,0.0430034485,-311.9532703,-86.13193346,4.936320248e-05,6581.547403,-86.61102285,4.671419376e-05,6597.42044,-28.02509008,0.03969588565,-317.363251,
1068082200,-26.51855106,0.04721417953,-315.7563757,-73.97323037,0.0002001421135,6593.01253,-74.56666805,0.0001869246591,6597.935276,-28.1053611,0.03933072434,-319.6777516,
1080082000,-26.06795302,0.04972815529,-311.8142917,-76.83638081,0.0001439398215,6453.322999,-75.81359085,0.0001619274428,6447.218184,-28.24569271,0.03870039205,-312.4860515,
1092081800,-25.79202394,0.05133325498,-323.1799367,-80.91028204,9.005045222e-05,6515.739229,-79.82544868,0.0001020299246,6502.948636,-27.69528443,0.04123213074,-313.1923801,
1104081600,-28.30113971,0.03845413216,-320.2588655,-85.2843836,5.442279222e-05,6615.431716,-87.61419354,4.161887372e-05,6591.078928,-28.63350349,0.03701048921,-317.5339051,
1116081400,-26.6200649,0.04666558935,-320.917425,-82.73107878,7.302071164e-05,6699.106033,-85.93326411,5.050528129e-05,6701.023489,-27.54855245,0.04193458773,-318.0176955,
1128081200,-26.60830349,0.04672882119,-321.0486146,-85.91727876,5.059831586e-05,6772.928506,-89.35829692,3.404749416e-05,6796.265927,-27.66523166,0.04137503909,-317.1302182,
1140081000,-26.58608465,0.04684850833,-325.6445252,-81.92723549,8.0101053e-05,6822.687656,-83.06448572,7.027093207e-05,6833.978817,-27.39298585,0.04269241356,-326.5631353,
1152080800,-26.43948994,0.04764589651,-324.1280019,-81.73517333,8.189197279e-05,6784.533199,-83.22027178,6.902182071e-05,6768.615062,-28.19598121,0.03892251902,-312.1679587,
1164080600,-26.13068367,0.04937030572,-320.6442374,-76.99121757,0.0001413966505,6875.470296,-78.69990912,0.0001161460767,6876.924554,-26.73432547,0.04605573596,-316.2600423,
1176080400,-25.79327579,0.05132585709,-331.4451095,-83.54185078,6.651314154e-05,7000.847986,-82.32871658,7.64828691e-05,7026.817689,-25.86661245,0.05089432717,-320.8906338,
1188080200,-26.21920808,0.04886969136,-324.5761006,-84.43432919,6.001827934e-05,6948.015938,-89.07565698,3.517362679e-05,6955.087234,-25.79920432,0.05129083674,-331.2939307,
1200080000,-26.87867574,0.04529666347,-327.2494137,-81.03757353,8.874038805e-05,6980.345329,-84.48020533,5.970211732e-05,6981.715499,-27.76101933,0.0409212634,-327.8117338,
1212079800,-27.39695665,0.04267290093,-321.6589405,-77.72053323,0.0001300089763,7007.608691,-79.89626533,0.0001012014497,7010.380318,-28.05225514,0.03957193101,-327.5167141,
1224079600,-27.50525868,0.04214412738,-328.2386687,-78.37060559,0.0001206339979,7058.294454,-79.46384529,0.000106367202,7060.650898,-26.92106239,0.04507615677,-318.6864222,
1236079400,-26.21057716,0.0489182759,-327.6224037,-81.75634534,8.169260275e-05,7083.312973,-82.14643033,7.810493651e-05,7075.303841,-25.57180756,0.05265136342,-331.4286975,
1248079200,-26.76109259,0.04591402544,-331.3746844,-92.51431665,2.367468273e-05,7094.160401,-89.61428969,3.305868051e-05,7082.145193,-28.60910502,0.037114597,-330.289829,
1260079000,-25.84238064,0.0510365099,-329.5968494,-81.27013625,8.639591079e-05,7102.841958,-80.51086443,9.428807707e-05,7102.960264,-28.38413676,0.03808843793,-322.6029556,
1272078800,-25.92454557,0.05055600191,-324.2887001,-85.97458164,5.026560542e-05,6979.459205,-87.26608406,4.332073306e-05,6990.682778,-25.79572017,0.05131141506,-331.8196113,
1284078600,-25.3151448,0.05423039401,-332.1915402,-93.00846333,2.236540844e-05,6997.32337,-95.74432446,1.632239099e-05,7051.778707,-27.86323448,0.04044252626,-338.2168182,
1296078400,-25.93213336,0.05051185667,-335.0294496,-85.39704688,5.372144132e-05,6888.254697,-84.34983181,6.06049936e-05,6883.538935,-27.66804877,0.041361622,-324.2927573,
1308078200,-26.19818805,0.04898810018,-336.1890133,-76.92310024,0.0001425098844,6820.60995,-75.89767727,0.0001603674179,6822.621532,-27.89745845,0.04028348892,-316.2043227,
1320078000,-26.66973052,0.04639951851,-334.6511121,-80.8438237,9.074209772e-05,6852.243753,-79.47179184,0.0001062699333,6857.121097,-26.51498483,0.04723356859,-318.4489641,
1332077800,-25.77946347,0.05140754052,-331.3003776,-77.78295869,0.0001290779518,6897.015564,-77.31433831,0.0001362332397,6896.411215,-25.83065405,0.05110545951,-319.4421627,
1344077600,-25.59368197,0.0525189339,-335.5249709,-77.46929782,0.0001338243397,6922.558838,-77.29493687,0.0001365378804,6924.021765,-26.30290686,0.04840103596,-324.5115091,
1356077400,-25.53646651,0.05286602711,-337.4158024,-80.57458234,9.359892981e-05,6971.997513,-79.86657443,0.0001015479776,6971.932956,-26.29934281,0.04842090025,-329.1414761,
1368077200,-26.3820336,0.04796211431,-338.509991,-80.79620195,9.124097184e-05,6962.123121,-80.2838092,9.67853311e-05,6967.50602,-26.20108786,0.04897174808,-332.8230133,
1380077000,-26.40572369,0.04783147963,-337.0973017,-82.71419199,7.316281394e-05,7006.688423,-81.60412915,8.313684562e-05,7015.531538,-26.73260951,0.04606483546,-324.5260444,
1392076800,-26.94978308,0.04492735444,-329.2323915,-80.35982382,9.594200917e-05,7008.618491,-80.47218782,9.470885999e-05,7016.816078,-24.608098,0.05882949226,-332.6751099,
1404076600,-26.09403769,0.04957904023,-331.0191227,-81.53667755,8.378497073e-05,7037.314591,-81.57055519,8.345882009e-05,7045.762658,-25.11197805,0.05551381804,-334.8625176,
1416076400,-25.44880378,0.05340228141,-333.0900511,-76.89499518,0.0001429717527,7063.489145,-77.51097024,0.0001331838263,7065.979682,-26.15353241,0.04924060492,-336.7184107,
1428076200,-25.45406492,0.05336994485,-339.6023502,-77.35767939,0.0001355551527,7133.941122,-77.32751107,0.0001360267891,7137.885464,-25.37091702,0.05388329545,-336.8712107,
1440076000,-25.35614775,0.05397499524,-346.3612651,-77.12552228,0.0001392271348,7130.211698,-77.60259808,0.0001317862488,7136.65956,-25.68208677,0.05198710834,-335.8728895,
1452075800,-25.9816419,0.05022476404,-345.4033231,-79.46522287,0.0001063503336,7145.238462,-79.59334773,0.0001047930821,7142.963908,-24.26981514,0.06116588204,-342.42517,
1464075600,-24.92250455,0.05673809792,-347.3011462,-82.96432983,7.108590694e-05,7238.97681,-85.06076137,5.584212437e-05,7249.499388,-25.50667172,0.0530476823,-349.235844,
1476075400,-25.42317517,0.05356008301,-346.1152719,-80.12272523,9.859700851e-05,7243.694029,-81.73976414,8.184870129e-05,7239.510122,-25.84070656,0.0510463474,-348.0812538,
1488075200,-26.20794979,0.04893307527,-344.3875327,-84.29304852,6.100249162e-05,7302.652552,-86.66861898,4.64054567e-05,7306.452028,-25.32707096,0.05415598409,-343.1786825,
1500075000,-24.8718189,0.05707015541,-341.7054364,-86.92364801,4.506274045e-05,7233.20384,-86.90152144,4.517768032e-05,7199.696611,-24.47396367,0.05974503453,-345.5506958,
1512074800,-24.08939581,0.06244967888,-345.9332997,-78.51671901,0.0001186216743,7285.268527,-79.62469685,0.0001044155445,7271.955175,-26.44155404,0.04763457535,-346.7601598,
1524074600,-24.88006138,0.05701602433,-352.3540403,-89.46268048,3.364077375e-05,7101.799854,-85.88428918,5.079085701e-05,7142.513448,-24.93114956,0.05668165498,-341.2673348,
1536074400,-25.57203637,0.05264997648,-357.359103,-84.73811485,5.795544671e-05,7065.026864,-89.78819758,3.24033656e-05,7089.003476,-26.20231004,0.04896485786,-344.9921217,
1548074200,-25.54040763,0.05284204522,-354.1827452,-79.72271861,0.0001032438211,7102.676316,-82.37311606,7.609291072e-05,7117.175629,-24.66227938,0.05846366418,-343.5303515,
1560074000,-24.74194498,0.05792989628,-348.6472509,-94.7490961,1.830396577e-05,7248.779916,-85.12239555,5.544727695e-05,6913.113656,-24.97143219,0.05641939055,-351.7894718,
1572073800,-24.20205077,0.06164494384,-354.8132457,-89.8393844,3.221297087e-05,7378.032045,-84.52385123,5.940287143e-05,6990.461256,-26.27300892,0.04856792555,-354.9663186,
1584073600,-24.85639328,0.05717159861,-350.7513145,-90.57340955,2.960257719e-05,7454.612319,-85.09614942,5.561507525e-05,7034.346737,-25.3553246,0.05398011058,-342.9289013,
1596073400,-24.17463597,0.06183981783,-352.0752293,-87.25964031,4.33528831e-05,7553.072419,-90.63598315,2.939008503e-05,7157.330879,-25.06082774,0.05584169767,-346.5482207,
1608073200,-24.85415129,0.05718635755,-350.8244818,-100.0799621,9.908362647e-06,7383.009704,-90.4336881,3.008261566e-05,7090.291999,-24.57024868,0.0590864049,-342.138641,
1620073000,-25.36176442,0.05394010397,-351.3455972,-107.6555848,4.142101724e-06,7492.675884,-99.36513113,1.075829487e-05,7189.551418,-25.21738855,0.05484418317,-347.9591161,
1632072800,-24.134783,0.06212420581,-343.8963536,-82.25389281,7.714456945e-05,7495.774132,-82.81127127,7.234965035e-05,7141.728839,-24.53626483,0.05931803534,-352.5908053,
1644072600,-24.27055247,0.06116069005,-351.0142599,-86.35838799,4.809285953e-05,7547.464922,-87.50431497,4.214870653e-05,7184.708734,-26.17493011,0.04911944991,-354.1826933,
1656072400,-23.64057591,0.06576142334,-357.0880252,-84.19275781,6.171093257e-05,7546.0244,-85.29348403,5.436580192e-05,7173.095472,-26.69143134,0.04628373869,-349.8368657,
1668072200,-24.96660115,0.05645077941,-356.9687477,-84.92248628,5.673821728e-05,7586.962021,-88.59686107,3.716695198e-05,7193.245442,-25.37454548,0.05386079088,-349.5001583,
1680072000,-24.52338361,0.05940606956,-354.779125,-83.9271071,6.362746852e-05,7634.429812,-89.20145512,3.466787674e-05,7267.240401,-25.32099372,0.05419388854,-346.2976341,
1692071800,-23.64306849,0.06574255459,-360.4512998,-84.92846353,5.669918591e-05,7641.067987,-87.03603464,4.448343007e-05,7248.081144,-25.37814426,0.05383847958,-352.1676289,
1704071600,-24.88324554,0.05699512667,-363.2273601,-88.51116434,3.753546351e-05,7700.899345,-95.25786325,1.726262505e-05,7278.420788,-24.47360735,0.05974748547,-353.9859171,
1716071400,-25.29407791,0.0543620849,-362.1858494,-85.56773566,5.267605191e-05,7739.35693,-93.41526557,2.134207893e-05,7349.148178,-25.33696378,0.05409433809,-353.78127,
1728071200,-24.74117583,0.05793502633,-363.5652612,-85.80990843,5.122766706e-05,7752.48444,-86.26906632,4.858997593e-05,7368.200904,-24.91526078,0.05678543551,-352.7864759,
1740071000,-24.68192643,0.05833157174,-363.8868629,-96.19032406,1.550542937e-05,7780.492741,-92.84335017,2.279462708e-05,7379.386449,-25.46835356,0.05328222129,-358.5970702,
1752070800,-25.07283074,0.05576458353,-369.7556628,-86.96601045,4.48434975e-05,7581.233091,-89.65375045,3.290883267e-05,7242.75108,-27.21637794,0.04356935223,-352.3603122,
1764070600,-24.22642176,0.06147222207,-366.9567976,-84.05921897,6.26670212e-05,7604.322883,-88.41166864,3.79678992e-05,7262.808234,-25.08976904,0.05565594329,-351.2660598,
1776070400,-24.40414727,0.06022719494,-366.1417209,-97.15847691,1.38699902e-05,7517.363767,-89.48504637,3.355426126e-05,7119.815758,-25.49439862,0.05312269129,-365.1565099,
1788070200,-24.68346874,0.05832121497,-373.9079326,-87.5496386,4.192934421e-05,7583.931949,-86.28262881,4.851416486e-05,7183.619841,-24.2343688,0.0614160046,-359.4115081,
1800070000,-25.4471726,0.05341231111,-363.963616,-87.01593254,4.458649907e-05,7720.369385,-95.76126417,1.629058917e-05,7042.595924,-24.25550118,0.06126676381,-361.4870522,
1812069800,-24.37857629,0.06040476308,-365.0714676,-100.3061512,9.653669825e-06,7787.009823,-88.65924136,3.690098271e-05,7172.512971,-23.83101866,0.06433526098,-358.8396247,
1824069600,-24.73936863,0.05794708159,-368.7056338,-95.1526384,1.747302426e-05,7828.735352,-89.70217369,3.272587863e-05,7199.075718,-23.27410595,0.06859535411,-364.9694926,
1836069400,-23.64687446,0.06571375389,-365.5476029,-91.73250922,2.590445975e-05,7859.138794,-90.45181936,3.001988554e-05,7239.532662,-24.07065042,0.06258459975,-362.2676852,
1848069200,-23.73678645,0.06503702656,-373.9586469,-90.96821856,2.82871421e-05,7864.839996,-96.34771553,1.522699565e-05,7261.167076,-24.15920012,0.06194981215,-367.9435675,
1860069000,-24.36389047,0.06050697992,-368.2059874,-87.34529369,4.292747219e-05,7898.571969,-95.53617484,1.671826703e-05,7247.694503,-24.79602117,0.05757035951,-364.397282,
1872068800,-23.16795501,0.06943880683,-363.6129921,-83.03655446,7.049726635e-05,7920.175377,-91.70955855,2.597299742e-05,7210.299133,-23.31514142,0.06827204769,-367.0798929,
1884068600,-22.34469585,0.07634229427,-371.3154758,-91.35036043,2.706960875e-05,8008.061326,-87.41042229,4.260679685e-05,7350.012908,-24.82616413,0.05737091728,-373.5533483,
1896068400,-23.56660507,0.06632385274,-372.4035722,-87.06666723,4.432682634e-05,7826.280702,-81.63444581,8.284717602e-05,7454.325007,-23.64725768,0.06571085471,-365.7399325,
1908068200,-23.27882428,0.06855810201,-370.9775493,-90.577088,2.959004325e-05,7711.98581,-93.77215132,2.048294666e-05,7408.138285,-23.53676193,0.06655212137,-365.0881118,
1920068000,-23.74678351,0.06496221503,-372.4801293,-82.64791061,7.372324949e-05,7716.30852,-85.25780263,5.458959453e-05,7350.672469,-23.3428582,0.06805453797,-364.5253679,
1932067800,-23.35957704,0.0679236707,-373.5754354,-85.26670815,5.453365328e-05,7706.43464,-83.987286,6.318815865e-05,7332.727997,-23.23509147,0.06890415746,-364.7483373,
1944067600,-23.80829969,0.06450375773,-375.6421958,-81.54738577,8.368174185e-05,7781.955253,-81.59773435,8.319807588e-05,7404.534948,-24.18985354,0.06173157009,-374.4004932,
1956067400,-23.69297408,0.06536590762,-372.2237302,-87.09083869,4.420364328e-05,7836.885488,-87.49099673,4.221338354e-05,7436.783466,-24.41462545,0.06015458397,-362.9602226,
1968067200,-22.88423557,0.07174443526,-375.8745907,-83.631572,6.582962786e-05,7866.859487,-83.04795697,7.040478094e-05,7490.542264,-24.00776024,0.06303938793,-372.5105016,
1980067000,-23.5401279,0.06652633603,-376.9135397,-87.47989003,4.226739658e-05,7876.243465,-85.01966508,5.610696097e-05,7486.382708,-23.96707041,0.06333539442,-379.4217873,
1992066800,-23.90927328,0.06375824233,-377.6971167,-85.13821695,5.53463713e-05,7899.603048,-82.55967094,7.44760188e-05,7531.819016,-25.06929458,0.05578729076,-374.6560924,
2004066600,-23.65770516,0.06563186447,-377.6945447,-82.75932388,7.278364578e-05,7921.393311,-79.24887531,0.0001090325663,7554.842256,-24.48625158,0.05966057311,-370.738401,
2016066400,-23.01316387,0.07068736724,-379.7946314,-79.32261696,0.0001081108177,7877.493797,-77.16154029,0.0001386509934,7533.661155,-23.8106172,0.06448654952,-369.0933558,
2028066200,-23.48091752,0.0669813851,-383.6796581,-86.08511562,4.962999358e-05,7920.160393,-80.971478,8.941823644e-05,7584.300714,-23.63333008,0.06581630483,-372.5295928,
2040066000,-23.64985678,0.06569119484,-389.0213285,-84.30697137,6.090478739e-05,7937.138476,-81.35381388,8.556759109e-05,7616.011591,-24.37231814,0.06044830018,-378.7500122,
2052065800,-24.27162013,0.0611531727,-390.0011543,-82.5379489,7.466250471e-05,7964.273331,-80.05679078,9.934830476e-05,7636.238183,-24.4440792,0.05995094597,-381.190084,
2064065600,-23.8867569,0.06392373687,-387.675978,-82.63055764,7.38706836e-05,7982.773617,-81.41470429,8.496983708e-05,7662.292717,-25.99766571,0.05013219432,-378.4080346,
2076065400,-24.02296247,0.06292915158,-388.1753144,-84.98752068,5.631498412e-05,8015.116745,-82.92512627,7.140747668e-05,7708.672358,-25.16894688,0.05515090659,-375.1169751,
2088065200,-23.59451879,0.06611105085,-382.5690621,-90.5869322,2.955652622e-05,8081.364455,-83.16510177,6.94616206e-05,7769.397723,-24.55366835,0.05919930152,-378.0743408,
2100065000,-23.18096322,0.06933489132,-385.453513,-81.49464811,8.419137344e-05,8060.36104,-83.46960027,6.706871514e-05,7738.231035,-23.209586,0.0691067867,-374.3194299,
2112064800,-23.18671985,0.06928895439,-393.150666,-82.51494209,7.486052967e-05,8086.075861,-83.99184542,6.315499845e-05,7766.911779,-22.92280933,0.071426527,-377.0913307,
2124064600,-23.73003617,0.06508759001,-391.870125,-85.66906205,5.206512285e-05,8114.374708,-86.51994271,4.720661551e-05,7808.761143,-22.86025744,0.07194276549,-376.2329369,
2136064400,-23.57970122,0.06622392829,-392.0240211,-83.58781026,6.616213129e-05,8100.54332,-88.8456795,3.611736224e-05,7782.341165,-22.61773297,0.07397983384,-377.2991466,
2148064200,-23.52211352,0.06666445365,-390.0890643,-83.04976368,7.039013793e-05,8144.00285,-85.68643547,5.196108687e-05,7831.074608,-22.33881571,0.07639399366,-377.3627649,
2160064000,-23.81090413,0.06448441931,-393.1945974,-83.62861381,6.585205155e-05,8150.092615,-88.12893765,3.922411176e-05,7850.970837,-22.09931703,0.07852973803,-387.4152463,
2172063800,-23.78172007,0.06470144744,-383.7337717,-91.0404874,2.805276218e-05,8183.414592,-87.09940634,4.416006284e-05,7935.991001,-22.69219013,0.07334837445,-390.9561549,
2184063600,-22.7262415,0.0730613891,-386.3596089,-88.07595865,3.946408768e-05,8239.070644,-85.41101149,5.363514088e-05,7922.323827,-22.97116774,0.07102996701,-399.6416279,
2196063400,-22.57363251,0.07435640332,-391.3180404,-103.4521519,6.720357955e-06,8281.522757,-89.19483489,3.469431009e-05,7997.680107,-24.00705931,0.06304447531,-392.5437892,
2208063200,-22.8682411,0.07187666947,-397.6810397,-88.60419222,3.713559519e-05,8316.894861,-84.52126752,5.94205441e-05,7986.557583,-22.84503498,0.07206895936,-389.1287269,
2220063000,-23.2581068,0.06872182116,-393.1236361,-98.63345257,1.170381293e-05,8224.423717,-92.01872348,2.50647759e-05,8080.347112,-22.41787864,0.07570177591,-389.8311031,
2232062800,-22.45296775,0.07539657411,-398.7487608,-85.48874124,5.315730294e-05,8344.123137,-86.14621421,4.92821095e-05,8022.488529,-23.39141409,0.06767516066,-389.7707291,
2244062600,-23.89191395,0.06388579486,-396.0696428,-85.37370488,5.386600361e-05,8383.17799,-85.45990724,5.333405911e-05,8053.337664,-22.72293608,0.07308919795,-392.0022529,
2256062400,-23.49432003,0.06687811109,-391.8125998,-84.54810389,5.923723866e-05,8414.272056,-83.61431558,6.596054279e-05,8078.479764,-24.36442876,0.06050323022,-394.5931213,
2268062200,-22.84304853,0.07208544331,-394.5411138,-87.37735199,4.276932542e-05,8471.476794,-88.10745221,3.932125673e-05,8132.080073,-24.49326122,0.05961244561,-389.5935769,
2280062000,-22.41980156,0.07568501857,-397.7460627,-85.11347792,5.550423279e-05,8490.058572,-88.40227111,3.800900007e-05,8153.524778,-24.00898737,0.06303048248,-397.422334,
2292061800,-23.05281964,0.07036537683,-402.3752393,-82.03530016,7.911065715e-05,8486.030083,-85.41910041,5.358521522e-05,8129.742136,-24.33505975,0.06070815197,-389.1485746,
2304061600,-23.71805034,0.06517746765,-405.3601871,-83.50218364,6.681759165e-05,8516.785819,-87.0394248,4.446607131e-05,8158.380473,-22.78792109,0.07254440878,-390.6003852,
2316061400,-23.45864289,0.0671533767,-399.123708,-81.97296894,7.968040871e-05,8544.30777,-85.09003976,5.565420867e-05,8185.842917,-23.51246057,0.06673858145,-396.1673135,
2328061200,-23.2843306,0.06851465417,-401.1988681,-83.6014244,6.605851094e-05,8577.4398,-88.28488681,3.852615427e-05,8227.98667,-23.73352911,0.06506142102,-390.5767578,
2340061000,-23.85484681,0.06415901085,-400.4320253,-85.83198234,5.109764477e-05,8602.601582,-90.58620776,2.955899147e-05,8260.623284,-23.55759778,0.06639266645,-391.1474145,
2352060800,-22.86987938,0.07186311377,-400.4683403,-85.14843399,5.528130679e-05,8602.593918,-89.91054981,3.195012117e-05,8243.011498,-24.417748,0.06013296249,-386.3571109,
2364060600,-23.02271166,0.07060970822,-402.6047865,-86.60745632,4.673337907e-05,8633.063152,-94.45579042,1.893260957e-05,8306.722253,-23.04524743,0.07042674697,-389.5783452,
2376060400,-23.17781111,0.0693600575,-403.0142225,-85.3069149,5.428180178e-05,8653.510107,-95.07259012,1.763479818e-05,8343.162516,-22.73163433,0.07301604139,-394.7016066,
2388060200,-23.03586816,0.07050283681,-402.1843362,-80.76397767,9.15801007e-05,8671.398429,-89.89666773,3.200122576e-05,8328.529833,-22.38079414,0.07602567645,-399.4114105,
2400060000,-22.69993021,0.07328304212,-404.4820576,-80.80992267,9.109695624e-05,8709.086953,-92.31235043,2.423162161e-05,8368.277554,-22.61243162,0.07402500051,-402.0799825,
2412059800,-22.95308481,0.0711779965,-407.798102,-79.61326889,0.0001045530137,8738.213234,-95.4086058,1.696561901e-05,8387.803273,-22.551301,0.07454782038,-401.9562856,
2424059600,-22.93652918,0.07131379381,-401.9258208,-80.99196176,8.920761159e-05,8762.57276,-99.90564997,1.010921659e-05,8349.621449,-22.18660798,0.07774448676,-399.5176672,
2436059400,-22.28857569,0.0768371443,-407.5629039,-84.09587809,6.240309004e-05,8800.519687,-97.07516719,1.400366267e-05,8277.08019,-22.44644548,0.07545321091,-397.3473498,
2448059200,-22.4402506,0.07550704425,-409.136405,-92.6186697,2.339195474e-05,8842.728973,-85.3377908,5.408918777e-05,8301.894123,-22.2686199,0.07701388016,-403.3738892,
2460059000,-22.94643881,0.07123247917,-409.2748538,-88.73328549,3.65877519e-05,8892.282398,-90.42621887,3.010849562e-05,8303.207385,-23.04509042,0.07042802005,-404.5134115,
2472058800,-22.36834114,0.07613475294,-409.0540048,-88.96467509,3.562593291e-05,8879.507428,-98.86818775,1.139175438e-05,8390.24611,-23.71025169,0.06523601372,-403.8094535,
2484058600,-22.70447244,0.07324472928,-415.0846083,-88.83187645,3.617480325e-05,9042.408628,-82.70520538,7.323854894e-05,8353.536566,-23.24507599,0.06882499686,-403.5910351,
2496058400,-23.58567455,0.06617840144,-411.039016,-94.88690248,1.801585493e-05,9044.435787,-85.53969471,5.284638256e-05,8371.817603,-22.01119082,0.07933054885,-410.402269,
2508058200,-22.76358284,0.07274796644,-412.9365251,-84.02766573,6.289508574e-05,9056.247838,-80.98463914,8.928284957e-05,8373.987695,-22.14242969,0.07814091916,-415.0228986,
2520058000,-22.57857163,0.07431413353,-412.8279292,-81.2712336,8.638499646e-05,9066.318538,-81.28452476,8.625291119e-05,8380.81465,-22.76440804,0.07274105538,-406.8104413,
2532057800,-22.89939425,0.07161933552,-417.7207946,-80.04487414,9.948469959e-05,9066.847736,-82.15979603,7.798484231e-05,8374.838955,-22.1218005,0.07832672627,-410.0902522,
2544057600,-22.16611848,0.07792809794,-407.2612335,-81.78379678,8.143482379e-05,9084.379933,-81.67905028,8.242282317e-05,8390.243584,-22.5010024,0.07498076721,-402.8439117,
2556057400,-21.92537946,0.08011817111,-415.462789,-83.08934627,7.007009183e-05,9097.111882,-81.88209658,8.051840643e-05,8422.920864,-22.49613865,0.07502276521,-403.7670083,
2568057200,-22.25681936,0.07711858142,-413.0188855,-77.33076461,0.000135975846,9078.632431,-81.03263726,8.879083436e-05,8401.157457,-22.5442692,0.07460819616,-411.5650615,
2580057000,-22.60978919,0.07404752385,-410.3411802,-81.39273812,8.518499343e-05,9108.787947,-81.83119977,8.099160614e-05,8479.351537,-22.69317665,0.07334004424,-410.9058677,
2592056800,-21.91864149,0.08018034592,-411.0623911,-76.49782053,0.000149661114,9116.384834,-84.32789037,6.075828146e-05,8487.189112,-22.32284022,0.07653463031,-421.4029975,
2604056600,-21.74240048,0.08182386242,-415.9479786,-78.26371334,0.0001221277435,9138.34505,-81.57681942,8.339865156e-05,8550.447554,-22.25944861,0.07709524084,-416.4465217,
2616056400,-22.33935479,0.07638925252,-417.2619202,-76.0938505,0.0001567860702,9162.355983,-85.77139236,5.145533167e-05,8559.859212,-21.98493019,0.0795707571,-416.4704919,
2628056200,-21.79275747,0.08135085586,-418.9468543,-78.11642157,0.0001242163951,9194.541241,-83.54502387,6.64888477e-05,8601.167343,-21.60855693,0.08309447604,-411.3208232,
2640056000,-20.89681504,0.09019017882,-421.05147,-77.60164232,0.0001318007507,9223.95443,-85.58457263,5.257404206e-05,8640.543096,-21.20813331,0.08701484171,-417.968984,
2652055800,-21.45971475,0.08453066047,-423.743353,-79.66007678,0.0001039910973,9263.673505,-81.65166056,8.268314203e-05,8673.802361,-23.09957363,0.06998763507,-412.8368824,
2664055600,-21.95886499,0.079809897,-421.3582986,-77.65988912,0.0001309198635,9274.251036,-87.74673498,4.098861568e-05,8738.672251,-22.35676818,0.07623626148,-412.5087428,
2676055400,-22.11846398,0.07835681969,-418.3444506,-77.74102012,0.0001297026931,9301.74992,-84.72937382,5.801379942e-05,8777.80124,-22.48741242,0.07509817425,-413.1781849,
2688055200,-21.95507363,0.07984474138,-422.7208316,-77.34037205,0.0001358255267,9335.733956,-86.30207958,4.840564606e-05,8815.608663,-21.90973455,0.08026260895,-417.5530165,
2700055000,-21.98638091,0.07955746833,-421.6165831,-77.51369113,0.0001331421126,9368.426925,-83.50347342,6.680767053e-05,8839.559903,-21.29986812,0.08610068248,-421.6185094,
2712054800,-21.72267429,0.08200990055,-424.6875885,-78.10276662,0.0001244118273,9391.914173,-81.20348101,8.706146068e-05,8887.146693,-21.14233281,0.08767653122,-427.6488373,
2724054600,-21.69894669,0.08223423665,-430.2633166,-76.33603491,0.000152474864,9426.490246,-90.16687845,3.102102025e-05,8913.054341,-21.76048031,0.08165372174,-423.2036199,
2736054400,-21.71694668,0.08206399699,-430.4950009,-75.97294744,0.0001589837102,9452.748045,-88.99057064,3.55198782e-05,8963.537838,-20.96002821,0.08953618573,-417.2018258,
2748054200,-21.49598551,0.08417841115,-429.5421121,-75.34674477,0.0001708687968,9469.004117,-83.35150057,6.798685813e-05,9030.846479,-21.49731233,0.08416555346,-422.8810351,
2760054000,-21.91785876,0.08018757173,-428.9859802,-75.14401908,0.0001749037199,9489.491407,-82.11647734,7.837474362e-05,9048.815949,-22.63062086,0.0738701459,-418.0281302,
2772053800,-22.32742245,0.07649426528,-428.2395641,-73.96214162,0.0002003977859,9522.423273,-80.47515736,9.467648636e-05,9111.134686,-21.71479641,0.08208431521,-422.1067599,
2784053600,-22.8002672,0.07244136752,-426.2720262,-74.2386899,0.0001941178646,9550.21144,-79.38382948,0.0001073516011,9134.359942,-22.52387055,0.07478361806,-432.1749791,
2796053400,-21.79556652,0.08132455098,-429.0366462,-75.05621546,0.0001766807471,9592.186796,-82.3599952,7.620794312e-05,9176.450835,-22.49064642,0.07507021837,-432.5951048,
2808053200,-21.9657742,0.07974643732,-434.7304176,-75.20796992,0.0001736207005,9619.850053,-81.55751478,8.358421369e-05,9208.70837,-22.05531414,0.07892858063,-438.8974625,
2820053000,-22.30804737,0.0766650868,-436.482609,-77.36385855,0.0001354587528,9657.125965,-86.24829273,4.870632513e-05,9228.3308,-22.42178272,0.07566775763,-432.6113204,
2832052800,-22.09945561,0.07852848508,-435.7630355,-76.71995221,0.0001458822286,9687.090304,-84.72340006,5.805371237e-05,9291.055582,-22.53774801,0.07466423155,-428.0006253,
2844052600,-21.86792386,0.0806498951,-431.8834982,-75.61095756,0.00016574946,9716.354797,-80.82173391,9.097316501e-05,9340.196653,-21.6776648,0.08243597145,-423.1401372,
2856052400,-21.76409891,0.08161971135,-433.3045052,-78.88384469,0.0001137123842,9740.470284,-83.6339963,6.581125683e-05,9337.00115,-21.55556495,0.08360297897,-423.6567671,
2868052200,-21.56940576,0.08346986516,-430.2446154,-79.22395754,0.0001093458041,9788.575752,-83.66269307,6.559418589e-05,9397.239094,-20.53488807,0.09402765308,-427.5345102,
2880052000,-21.41778983,0.08493965813,-430.5955062,-77.82168828,0.0001285036863,9825.038312,-81.53653103,8.378638414e-05,9449.00169,-21.2210326,0.08688571312,-436.5319877,
2892051800,-21.41193999,0.08499688315,-433.9923469,-79.09506677,0.000110980496,9847.201305,-79.60036979,0.0001047083969,9465.287687,-22.16467311,0.07794106661,-441.1522803,
2904051600,-21.13084515,0.0877925659,-432.9249298,-81.73384395,8.19045074e-05,9920.166848,-85.75608313,5.154610372e-05,9525.943338,-21.64704529,0.08272708768,-437.1092944,
2916051400,-21.07645331,0.08834405597,-441.9078875,-77.4048827,0.0001348204787,9938.128961,-78.83302818,0.0001143796046,9553.31319,-21.00714077,0.08905185314,-439.88418,
2928051200,-21.41203857,0.08499591848,-440.8516561,-78.97501057,0.0001125251166,9964.226199,-80.23397304,9.734224273e-05,9572.577469,-20.82916438,0.09089537401,-437.6926869,
2940051000,-20.59683656,0.09335942579,-442.4147464,-75.93665493,0.0001596493864,10010.76106,-78.59980707,0.0001174923651,9577.133373,-21.22700311,0.08682601011,-438.6679573,
2952050800,-21.11878142,0.08791458473,-444.0259194,-76.67559138,0.0001466291884,10044.36852,-77.7044453,0.0001302500008,9617.006728,-21.52622202,0.08388588659,-434.231689,
2964050600,-20.86481875,0.09052302592,-443.7546444,-75.46111252,0.0001686337019,10079.22627,-80.02253597,9.974088132e-05,9654.590157,-21.37910573,0.08531879504,-434.5735949,
2976050400,-21.69425564,0.08227866151,-445.8902593,-76.63822835,0.0001472612839,10106.54183,-77.34557511,0.0001357441882,9681.819543,-22.20228336,0.07760430823,-439.2518704,
2988050200,-22.74528963,0.07290134123,-444.7420397,-76.54931827,0.0001487764139,10152.19482,-79.66957147,0.0001038774851,9713.278698,-22.03939676,0.07907335433,-437.3945716,
3000050000,-22.00386179,0.0793975151,-444.4099329,-65.86774851,0.0005088767099,10224.4975,-85.20043741,5.495132007e-05,9512.666699,-21.73393313,0.08190366644,-441.2227275,
3012049800,-22.6099376,0.07404625873,-450.1125561,-65.49819072,0.0005309950393,10254.73017,-83.74546788,6.497205544e-05,9569.739503,-21.04148192,0.08870046649,-443.8501734,
3024049600,-22.26882746,0.07701203986,-444.8417616,-65.90740471,0.0005065586834,10283.03389,-82.56362864,7.444209176e-05,9618.255793,-21.24046539,0.08669154256,-442.4170066,
3036049400,-21.16990552,0.08739864989,-446.4451705,-65.97719591,0.0005025047884,10306.10221,-80.028663,9.967054893e-05,9631.191595,-20.59561093,0.09337260033,-442.3054093,
3048049200,-21.01395648,0.08898200266,-448.2129848,-66.95083457,0.0004492191601,10326.49931,-81.10471946,8.805702869e-05,9626.126114,-20.97341924,0.08939825419,-442.8742302,
3060049000,-21.59801947,0.08319534494,-445.529339,-68.29361207,0.0003848747293,10358.33579,-80.8099179,9.109700628e-05,9674.548394,-21.18886551,0.08720807993,-441.8143234,
3072048800,-21.76096698,0.08164914682,-447.4433915,-68.01538105,0.0003974028228,10384.72681,-77.39591924,0.0001349596794,9700.714866,-21.78510929,0.08142251929,-447.8680931,
3084048600,-22.48958561,0.07507938721,-442.990761,-69.3761529,0.0003397757307,10410.06626,-77.43131614,0.0001344108083,9744.361101,-21.86152167,0.08070936241,-443.6772702,
3096048400,-21.88937,0.0804510099,-442.5286714,-71.24168749,0.0002741041591,10442.60498,-74.95681743,0.0001787142276,9793.365018,-20.75613277,0.09166285111,-452.3503057,
3108048200,-21.12869851,0.08781426579,-444.3759597,-72.13954137,0.000247185466,10473.21243,-71.73980551,0.0002588270871,9816.896609,-20.71483908,0.09209966403,-455.614816,
3120048000,-21.00811987,0.0890418155,-451.5433434,-73.48468047,0.0002117219945,10498.58493,-70.07541034,0.0003134941804,9846.355328,-20.58841778,0.09344995806,-458.3068209,
3132047800,-21.27028656,0.08639441576,-452.3155227,-78.2495558,0.0001223269676,10512.24958,-69.01059358,0.0003543809116,9880.239345,-20.35574916,0.09598702732,-455.9069797,
3144047600,-20.97847044,0.08934628062,-450.3238344,-82.57894246,7.431096084e-05,10503.51168,-68.06280811,0.0003952388205,9917.800244,-20.97584051,0.08937333714,-453.7631963,
3156047400,-20.93018811,0.08984431351,-451.8795903,-83.32005165,6.823346369e-05,10512.08084,-67.55033818,0.0004192596725,9955.405417,-21.53640117,0.0837876368,-451.097072,
3168047200,-20.80289123,0.09117073129,-447.6370906,-79.81180984,0.0001021902609,10500.34358,-66.30064103,0.0004841366363,9997.393685,-21.30271689,0.08607244815,-447.4555163,
3180047000,-20.79031279,0.09130285553,-449.0072928,-76.01601347,0.0001581973945,10519.55951,-65.27473607,0.0005448327391,10044.68703,-21.34964731,0.08560864719,-456.8785236,
3192046800,-21.07717487,0.08833671733,-452.3125016,-70.13714712,0.0003112738548,10542.3661,-63.96089378,0.0006338044894,10090.87565,-22.22395494,0.07741092432,-460.5838547,
3204046600,-21.18392884,0.08725765916,-453.3125363,-66.6419995,0.0004654789276,10580.30723,-63.04821341,0.0007040270236,10132.76376,-21.3760517,0.08534879919,-465.9579796,
3216046400,-20.69498874,0.09231038518,-458.1132993,-64.06194308,0.0006264737035,10603.80123,-62.7228018,0.0007309032784,10175.87126,-21.33864391,0.08571716612,-466.215684,
3228046200,-21.14540381,0.08764553768,-460.2805284,-62.18505397,0.0007775839746,10635.95604,-62.6882469,0.000733816808,10218.32697,-20.51650364,0.09422688148,-464.8553299,
3240046000,-20.62722659,0.09303335234,-457.4765833,-61.73926447,0.0008185341,10667.15456,-63.28022078,0.0006854708031,10263.31024,-21.55876633,0.08357217086,-459.9962771,
3252045800,-20.58258171,0.09351276849,-460.8204101,-62.00215832,0.0007941308796,10700.21495,-64.33495415,0.0006070889003,10307.57604,-21.03850343,0.0887308881,-449.6918354,
3264045600,-20.78315776,0.09137809752,-457.1150506,-62.5945523,0.0007417753292,10735.15399,-65.27183893,0.0005450144962,10355.03245,-20.93310829,0.08981411307,-455.2352791,
3276045400,-20.37118084,0.09581664451,-459.989736,-62.68840994,0.0007338030335,10766.35494,-65.61586004,0.0005238500599,10405.10584,-21.57737668,0.08339330114,-453.9366997,
3288045200,-20.89166708,0.09024364866,-460.2611536,-62.82941379,0.0007219868881,10798.29262,-66.6446863,0.0004653349635,10453.03427,-21.95788795,0.079818875,-458.1038933,
3300045000,-20.68937893,0.09237002342,-458.8906312,-62.7451979,0.000729021111,10824.30201,-67.91611196,0.0004019707035,10495.84343,-21.29644924,0.08613457948,-462.9622477,
3312044800,-20.56029793,0.09375298492,-460.6476782,-61.59637535,0.0008321109416,10839.24433,-72.91845042,0.0002259838894,10530.07366,-21.04155308,0.08869973987,-468.3904114,
3324044600,-20.5440103,0.09392895382,-464.3993564,-60.20628872,0.0009765299425,10868.34863,-77.94282802,0.0001267239201,10533.26324,-20.82454268,0.09094375168,-468.1629068,
3336044400,-20.82097024,0.09098116387,-468.3450446,-59.24385082,0.001090956563,10896.29006,-77.65579711,0.0001309815558,10505.82925,-20.21911975,0.0975088451,-466.8841906,
3348044200,-20.98136754,0.08931648498,-464.8083801,-58.12997192,0.001240227634,10933.69649,-70.25269297,0.0003071604899,10549.13106,-20.63764961,0.09292177979,-463.8967312,
3360044000,-20.77280738,0.09148705147,-464.9891708,-57.83922812,0.001282444543,10975.66006,-68.09708791,0.0003936820419,10600.23673,-20.82015673,0.09098968543,-457.8140671,
3372043800,-20.42463449,0.09522879204,-461.3518766,-57.46342254,0.001339148913,11017.36005,-66.66582302,0.0004642039687,10650.3306,-21.08489925,0.08825819427,-457.387597,
3384043600,-20.42204659,0.095257169,-466.2961263,-57.32134894,0.001361233263,11063.79597,-66.14392259,0.0004929511347,10707.35075,-22.24702147,0.07720562202,-464.4043741,
3396043400,-20.81245368,0.09107041507,-467.5874461,-58.06432599,0.001249636496,11106.44463,-66.55878688,0.0004699597411,10760.79834,-21.99734658,0.07945709279,-470.2940854,
3408043200,-20.72557904,0.09198585473,-469.6584618,-57.56266465,0.001323935317,11146.14989,-67.01657658,0.000445831932,10802.68099,-21.58979563,0.08327415194,-477.2344218,
3420043000,-20.60088035,0.09331597163,-474.7824992,-58.16942782,0.001234606641,11186.02657,-69.2212098,0.0003458911976,10850.90976,-21.11870046,0.08791540413,-473.265396,
3432042800,-20.52451751,0.09413998494,-475.534146,-58.75719701,0.001153825544,11222.93197,-70.22177834,0.0003082556767,10893.48079,-19.92078418,0.1009161773,-471.9823632,
3444042600,-20.1103575,0.09873749961,-476.4295983,-59.26885967,0.001087819943,11260.22737,-71.24794284,0.0002739068275,10938.50536,-20.027412,0.09968490514,-472.2527255,
3456042400,-19.96539355,0.1003992162,-474.1434871,-60.57605337,0.0009358307939,11287.44875,-71.75152883,0.0002584779844,11017.53403,-20.05078508,0.09941702109,-469.7548148,
3468042200,-19.98890391,0.10012783,-468.2230033,-59.86625717,0.001015516868,11311.87582,-78.91965663,0.0001132445129,10836.2508,-21.09802059,0.08812496761,-469.0300565,
3480042000,-20.74371084,0.09179403446,-467.5651426,-58.84067516,0.001142789502,11349.40244,-76.75684464,0.0001452639228,10850.80291,-21.71879085,0.08204657522,-469.7648588,
3492041800,-21.52716545,0.08387677569,-470.0599853,-57.99212415,0.001260067449,11386.56123,-76.27848638,0.0001534884432,10887.74956,-22.32778554,0.07649106765,-471.3971348,
3504041600,-22.14150133,0.07814927141,-476.4223505,-60.41469649,0.0009533781083,11405.0364,-76.50449475,0.0001495461588,10895.36471,-22.23413556,0.07732024508,-475.2123639,
3516041400,-21.88170784,0.08052201013,-483.6301663,-60.17619506,0.0009799191547,11437.8168,-77.34988125,0.000135676908,10942.69593,-20.88194269,0.09034473862,-477.8936472,
3528041200,-20.74867216,0.0917416173,-489.2293591,-60.14811181,0.0009830925601,11472.30986,-81.49599247,8.417834377e-05,11000.91049,-20.03600074,0.09958638393,-483.1372152,
3540041000,-20.19214849,0.09781209824,-486.6645579,-60.39849075,0.0009551585394,11508.05505,-79.71690589,0.0001033129365,11091.23475,-19.85466669,0.1016872881,-481.7645249,
3552040800,-19.75094097,0.1029089036,-480.9575876,-61.13240689,0.0008777678214,11548.60667,-77.79775199,0.000128858301,11143.60269,-19.97826876,0.1002505034,-479.626169,
3564040600,-20.15336024,0.09824987081,-475.3359321,-61.08402345,0.0008826709375,11590.86596,-76.21962012,0.0001545322023,11185.92182,-20.81999974,0.09099132995,-477.5910268,
3576040400,-20.46832582,0.09475097965,-468.6050623,-61.37221656,0.0008538649209,11636.45009,-76.85347971,0.0001436567426,11211.65113,-21.4437762,0.08468591609,-477.4779095,
3588040200,-20.94950242,0.08964475379,-470.2344983,-61.2319651,0.0008677642319,11681.6287,-74.06051738,0.0001981408999,11267.59307,-22.13758193,0.0781845433,-478.8728573,
3600040000,-21.97259092,0.07968387656,-475.5673431,-62.67756993,0.0007347193934,11724.20072,-75.5159801,0.0001675718233,11296.36722,-22.325954,0.07650719859,-482.5240099,
3612039800,-22.26547698,0.07704175207,-483.1442706,-62.85906612,0.0007195263351,11769.71957,-73.0868835,0.0002216439214,11356.96773,-21.50670468,0.08407459152,-483.4377377,
3624039600,-21.1602973,0.08749538269,-490.1929062,-63.7286014,0.0006509834239,11808.30895,-70.1025791,0.0003125151279,11396.45585,-20.2009945,0.09771253371,-487.5854912,
3636039400,-20.44017061,0.09505861214,-490.3138745,-64.70372066,0.0005818539234,11850.36273,-70.37459246,0.0003028798467,11446.23782,-19.73018572,0.1031551022,-488.6580476,
3648039200,-19.19884484,0.109662403,-484.9571115,-64.78779863,0.000576248846,11900.29702,-69.19964007,0.0003467512191,11496.04362,-20.62534392,0.09305351959,-484.2316525,
3660039000,-18.79281985,0.114910313,-483.922145,-63.8477768,0.0006421125529,11938.33152,-67.99597364,0.0003982917568,11541.21893,-20.0530342,0.09939128146,-480.0727311,
3672038800,-19.68000848,0.1037527403,-479.6293184,-63.75665712,0.0006488841172,11982.33971,-67.60905394,0.0004164350762,11582.25586,-20.97408772,0.08939137429,-479.5529367,
3684038600,-20.05234712,0.09939914395,-475.950302,-64.92439099,0.0005672577663,12032.6376,-67.65291054,0.000414337721,11620.25627,-21.56041589,0.08355630091,-477.4163654,
3696038400,-21.01360059,0.08898564861,-482.7063434,-65.35060186,0.0005400946897,12089.11624,-67.26926926,0.0004330484982,11668.95091,-22.19070667,0.0777078094,-489.1735976,
3708038200,-21.85897825,0.08073299931,-489.733567,-65.67825007,0.0005201007695,12141.89584,-65.94074555,0.0005046179817,11712.48769,-23.42704569,0.06739810961,-487.9430912,
3720038000,-21.76033143,0.08165512137,-496.5380369,-63.85355835,0.000641685288,12202.39596,-64.39457845,0.0006029358084,11756.79973,-21.96216273,0.07977960167,-484.9913093,
3732037800,-20.90583527,0.0900965656,-495.5143935,-62.90470835,0.0007157553163,12245.03027,-63.71348193,0.0006521175729,11797.39079,-20.37656775,0.09575723833,-492.6905254,
3744037600,-19.49375379,0.1060015731,-495.0795955,-61.55608641,0.0008359795992,12282.75411,-63.68771648,0.0006540548586,11836.94155,-20.12862173,0.09853009773,-491.3886176,
3756037400,-19.61005621,0.1045916922,-493.686898,-60.42201597,0.0009525750482,12317.38108,-64.2985668,0.0006096374814,11878.55023,-20.00291644,0.09996642888,-488.4845188,
3768037200,-19.65397368,0.1040641919,-485.1440475,-59.73822159,0.001030597111,12361.47327,-65.5103546,0.0005302519449,11914.49822,-20.53808149,0.09399308965,-483.5679842,
3780037000,-19.61605225,0.1045195154,-486.2850396,-57.66250374,0.001308804601,12412.61117,-67.26890243,0.0004330667879,11956.83446,-21.12433426,0.08785839944,-478.5300635,
3792036800,-20.94784995,0.08966181017,-486.876536,-55.34633454,0.001708768671,12458.7738,-66.68549241,0.0004631539577,12001.62456,-21.29640463,0.08613502189,-483.1060726,
3804036600,-21.08453849,0.08826186,-490.5500488,-53.36814324,0.002145817771,12500.80072,-65.67278988,0.0005204278224,12055.56799,-21.4365289,0.08475660555,-493.0538083,
3816036400,-21.14561741,0.08764338233,-496.5701568,-52.09757655,0.00248382602,12538.26087,-63.54421971,0.0006649500373,12098.51624,-21.94483724,0.0799388945,-498.990434,
3828036200,-21.03886469,0.08872719777,-500.7132247,-51.63824699,0.002618711469,12569.43608,-61.7270483,0.0008196861269,12141.44514,-20.99497916,0.08917662711,-497.7748869,
3840036000,-20.43572928,0.09510723068,-496.8203639,-51.72201817,0.002593576673,12599.43116,-61.33002552,0.0008580225939,12180.17342,-19.67223678,0.1038456146,-499.1303952,
3852035800,-19.90169914,0.1011381588,-494.2277315,-52.36557002,0.002408360519,12629.3863,-62.2276662,0.0007737785568,12223.25049,-20.03002888,0.09965487663,-497.1380196,
3864035600,-19.8516536,0.1017225691,-492.9270843,-52.84941938,0.002277870504,12662.11057,-63.72362812,0.000651356264,12265.17792,-19.63324658,0.1043128163,-487.6666699,
3876035400,-19.9472304,0.1006093817,-492.3623233,-52.73929864,0.002306933458,12699.98471,-64.41776386,0.0006013285267,12305.76404,-19.47545561,0.1062251173,-490.0021987,
3888035200,-20.18222884,0.09792386759,-493.6642114,-52.06431023,0.002493357131,12741.76559,-63.08378439,0.0007011497448,12350.19719,-20.56541832,0.09369773317,-496.1154603,
3900035000,-20.57625396,0.09358091822,-494.7263925,-51.39148166,0.002694175715,12779.79289,-60.66311109,0.0009264979136,12390.26758,-21.40586512,0.08505635038,-497.6978219,
3912034800,-19.95902477,0.1004728592,-496.3715476,-50.9042288,0.002849630562,12815.64177,-58.48140035,0.001191049971,12428.22159,-21.48558835,0.08427923452,-501.2675102,
3924034600,-19.81463607,0.1021570155,-499.5239229,-50.74080384,0.002903753914,12847.54573,-56.84027124,0.001438753649,12466.9036,-20.77774986,0.09143500797,-502.8117657,
3936034400,-20.10849814,0.09875863821,-498.760976,-50.95788001,0.002832083147,12875.67252,-56.22315725,0.001544692854,12504.41387,-19.81081367,0.1022019816,-503.9995177,
3948034200,-19.97426203,0.1002967588,-499.7980667,-51.28083571,0.002728715226,12903.65444,-56.41751497,0.001510512249,12543.26284,-20.03254414,0.09962602278,-505.0711165,
3960034000,-20.36152598,0.09592320941,-501.767015,-51.42655644,0.002683318211,12933.71357,-56.95586116,0.001419733866,12578.09496,-19.48762226,0.1060764281,-498.2082921,
3972033800,-20.32319667,0.09634743703,-499.5057234,-51.27143304,0.002731670722,12971.28951,-57.34919326,0.00135687655,12616.38598,-19.39173591,0.1072539275,-499.1359799,
3984033600,-20.19586338,0.09777027368,-500.1622899,-51.04397105,0.002804151332,13013.39691,-56.81300258,0.001443277599,12658.70018,-19.7218341,0.1032543353,-502.490567,
3996033400,-19.90460824,0.101104291,-504.0840155,-50.32561814,0.00304592421,13055.53492,-54.96331014,0.001785806884,12699.94222,-20.90284159,0.0901276237,-505.0655402,
4008033200,-20.0661529,0.09924127954,-508.1609187,-49.43352154,0.003375389718,13095.42541,-53.12310599,0.002207215313,12740.15784,-21.07020849,0.08840759484,-508.0340819,
4020033000,-20.3575342,0.09596730305,-507.9484419,-48.6426031,0.003697173617,13131.5924,-51.77402579,0.002578093776,12777.6469,-20.94872223,0.08965280633,-516.1546099,
4032032800,-20.02683877,0.09969148412,-509.0777708,-48.45554697,0.00377765812,13164.64179,-51.37741606,0.002698542093,12815.14194,-21.01979523,0.0889222081,-515.569678,
4044032600,-19.71850747,0.1032938885,-509.3096483,-48.66336968,0.003688344818,13196.80058,-51.4271795,0.002683125736,12851.8825,-19.86571676,0.1015580053,-511.8302266,
4056032400,-19.25655246,0.108936239,-509.7945262,-49.12141596,0.003498881241,13232.24139,-51.9615847,0.002523020418,12888.85363,-19.49271051,0.1060143059,-506.6608343,
4068032200,-19.37350919,0.1074792286,-509.6055718,-49.56402522,0.003325054276,13272.85364,-52.42906497,0.002390819291,12927.16158,-19.45128079,0.106521178,-504.3599812,
4080032000,-19.99756734,0.100028011,-507.8695991,-49.65557857,0.003290190706,13318.60701,-52.17200521,0.002462633253,12970.43893,-19.99157627,0.1000970289,-501.1712246,
4092031800,-19.80224075,0.1023029041,-506.5434662,-49.48023741,0.003357284377,13364.16078,-50.89899292,0.002851348846,13011.79293,-20.51419286,0.09425195281,-500.6482884,
4104031600,-19.80952192,0.102217182,-511.1661954,-48.90742475,0.003586152571,13407.15263,-49.54473919,0.003332445383,13052.17026,-20.70919774,0.09215950068,-509.7725632,
4116031400,-19.9843966,0.1001798023,-512.847387,-48.45303055,0.003778752716,13445.23133,-48.6080185,0.003711923993,13089.77955,-20.87321343,0.09043558006,-514.6864083,
4128031200,-19.63046212,0.1043462616,-509.7792599,-48.47894914,0.003767493772,13479.81713,-48.18018898,0.003899335027,13125.67949,-20.44609276,0.0949938221,-516.251897,
4140031000,-19.95370784,0.100534381,-510.1047468,-48.98092641,0.003555933899,13512.29653,-48.4328194,0.003787555713,13160.50197,-20.02058661,0.09976326851,-515.6127977,
4152030800,-20.42442846,0.09523105093,-508.8466805,-49.50568483,0.003347462792,13547.85621,-49.04308763,0.003530576439,13196.93816,-19.99003436,0.1001147995,-514.2383143,
4164030600,-20.45134786,0.09493636669,-511.8056317,-50.01028802,0.003158534309,13587.50386,-49.89651276,0.003200179671,13235.19079,-20.08467077,0.09902992761,-516.201053,
4176030400,-20.72986968,0.09194042691,-517.0962021,-50.22974358,0.003079731259,13632.69575,-50.34842277,0.003037937686,13277.63127,-20.28321871,0.09679191106,-515.4290631,
4188030200,-20.20756035,0.09763869864,-516.7285095,-50.0905032,0.003129499164,13679.60479,-50.31994342,0.003047914844,13321.69819,-20.35108327,0.09603860358,-515.9895884,
4200030000,-20.16515702,0.09811652293,-516.4738818,-49.59425207,0.003313503215,13724.71509,-50.06115781,0.0031400901,13363.92068,-20.89153033,0.09024506945,-516.1807683,
4212029800,-19.94329985,0.1006549199,-513.5004993,-49.17434813,0.003477623751,13766.44774,-50.17705199,0.003098470747,13403.63195,-20.57884425,0.09355301482,-515.4398866,
4224029600,-20.2444103,0.09722534321,-515.2748235,-49.1396815,0.003491531181,13805.49481,-50.74864813,0.002901132694,13442.63659,-20.4148839,0.09533575387,-520.7255169,
4236029400,-20.30635534,0.09653442921,-515.5845704,-49.80365832,0.003234573946,13842.90633,-52.04730354,0.002498243829,13480.98445,-20.54569263,0.09391076285,-521.1136801,
4248029200,-20.1437039,0.09835915864,-516.8379198,-50.64219026,0.002936908978,13880.6372,-53.92036461,0.002013639722,13521.64888,-20.08824662,0.09898916682,-520.6694813,
4260029000,-20.02399267,0.09972415536,-518.6534971,-51.59848935,0.002630725488,13921.60556,-55.94643693,0.001594696913,13569.11215,-19.39632133,0.1071973213,-518.8610528,
4272028800,-19.70370981,0.1034700144,-516.8338497,-52.473537,0.002378609504,13966.07149,-57.40338468,0.001348437327,13624.10469,-19.23531236,0.1092029529,-515.275612,
4284028600,-19.59628431,0.1047576589,-515.8452564,-53.12988577,0.00220549314,14013.42128,-58.3326209,0.001211627035,13686.12823,-19.56840824,0.1050944032,-514.1781559,
4296028400,-20.39234737,0.09558343453,-517.1767263,-53.10883314,0.002210845241,14050.71779,-57.85216834,0.001280535383,13734.43147,-20.1896122,0.0978406637,-518.520945,
4308028200,-21.9382987,0.07999909334,-522.7824446,-53.27484754,0.002168990365,14093.67588,-56.44357374,0.001505987313,13790.96576,-20.79740181,0.09122836875,-522.5971878,
4320028000,-21.6283071,0.08290574857,-530.206657,-53.85537795,0.002028762005,14133.4026,-54.51024251,0.001881429175,13841.58539,-20.88677974,0.09029444082,-529.9300464,
4332027800,-21.45084559,0.08461701882,-541.3838003,-54.90204983,0.001798446439,14172.6066,-53.20903079,0.002185488172,13884.59768,-20.54456825,0.09392292027,-533.5566484,
4344027600,-19.56753314,0.1051049918,-540.5327001,-56.49015756,0.00149793208,14209.14578,-52.62898582,0.002336418891,13925.12947,-20.2043242,0.0976750832,-533.9783076,
4356027400,-18.47616182,0.1191768518,-537.4291862,-58.2886328,0.001217778661,14245.66093,-52.28192409,0.00243166529,13963.52174,-19.30265602,0.1083595516,-526.3645256,
4368027200,-17.95663392,0.1265226571,-528.8813907,-60.96457358,0.0008948934325,14284.06531,-52.22967025,0.002446338146,14003.43846,-18.86489184,0.1139607786,-523.8207024,
4380027000,-18.33493899,0.1211303719,-521.7834057,-64.08771962,0.0006246173148,14325.5364,-52.10142302,0.002482726325,14046.83657,-19.48498301,0.1061086648,-523.4657338,
4392026800,-19.74710428,0.1029543701,-517.9262166,-68.99937368,0.0003548389751,14386.86178,-51.79438138,0.002572059028,14091.17471,-20.97664598,0.0893650496,-519.8044379,
4404026600,-21.36625669,0.08544510057,-519.0288014,-73.87240359,0.0002024789223,14482.72179,-50.88288191,0.002856642575,14134.28743,-21.1595478,0.08750293289,-520.6710691,
4416026400,-21.59421344,0.08323180786,-526.2762805,-70.6439443,0.0002936315955,14598.65296,-50.19049822,0.003093677857,14172.71552,-21.10156479,0.08808901641,-526.2175823,
4428026200,-20.42702852,0.09520254841,-532.4153029,-64.25877865,0.0006124365026,14677.45232,-49.88569326,0.003204168428,14207.63615,-20.70510897,0.09220289374,-530.7037723,
4440026000,-19.98552456,0.1001667936,-536.835232,-60.59453338,0.0009338418461,14731.66307,-49.85208864,0.003216588966,14240.97774,-20.33131742,0.09625740047,-534.7154236,
4452025800,-18.97393096,0.1125391037,-533.3890584,-58.71257817,0.00115976792,14784.59891,-50.44927771,0.003002867119,14273.62249,-20.41371208,0.09534861658,-531.1008452,
4464025600,-18.99533338,0.1122621437,-534.2722869,-57.08414104,0.001398920221,14835.07267,-51.32581195,0.002714622237,14309.46016,-20.13594745,0.09844703199,-527.7686347,
4476025400,-19.10224313,0.1108888407,-530.142486,-56.14208533,0.001559178126,14884.85048,-52.13080117,0.002474343223,14350.78962,-19.73780848,0.1030646129,-524.7985279,
4488025200,-19.44732218,0.1065697363,-523.03498,-56.18491865,0.001551508172,14939.27943,-52.51369013,0.002367639045,14396.09862,-19.74625919,0.1029643875,-523.1722794,
4500025000,-20.22074194,0.09749063591,-525.4821069,-55.87489763,0.0016078855,14999.48664,-52.88628019,0.002268224257,14442.93869,-20.27972206,0.0968308841,-529.3136862,
4512024800,-21.41001369,0.08501573533,-528.3385194,-54.41810788,0.001901492453,15053.38307,-53.1540343,0.00219936994,14489.07283,-21.83987455,0.08091075847,-539.4502766,
4524024600,-21.49970807,0.08414234207,-539.760736,-53.25436495,0.002174111197,15105.73966,-53.72088653,0.002060419604,14533.82527,-21.66086395,0.08259557911,-543.8356998,
4536024400,-20.82135276,0.09097715712,-545.2336635,-52.27600319,0.002433323445,15155.53343,-54.44526336,0.001895556929,14580.31807,-20.44887693,0.09496337772,-550.9899521,
4548024200,-19.76292379,0.1027670311,-543.1931662,-52.03246505,0.002502515334,15207.73375,-55.40779426,0.001696720421,14630.79485,-19.94532209,0.1006314882,-552.1859592,
4560024000,-19.88227873,0.1013645423,-541.5981213,-50.90868068,0.002848170383,15257.95454,-55.56237613,0.00166679118,14682.88724,-19.55436852,0.1052644133,-545.0085277,
4572023800,-19.53130774,0.1055442584,-536.3081352,-49.60323935,0.00331007651,15302.22979,-55.04385894,0.001769322715,14735.1025,-19.0065551,0.1121172004,-537.0938123,
4584023600,-19.86114923,0.1016114242,-537.3557371,-48.4690914,0.003771771983,15343.18709,-53.82897497,0.002034938327,14785.00341,-18.88955733,0.113637621,-533.3621993,
4596023400,-20.73254279,0.09191213626,-535.6328231,-47.06321623,0.004434444142,15379.96402,-52.08086591,0.002488609212,14835.33539,-20.47294136,0.09470064388,-536.6173192,
4608023200,-21.70292155,0.08219661307,-535.8999788,-45.51959552,0.005296881093,15412.35098,-50.42222249,0.003012235175,14883.41182,-21.82320709,0.08106616816,-539.7375683,
4620023000,-21.74138322,0.08183344589,-538.9372689,-44.03547706,0.006283854884,15442.75219,-48.66953939,0.003685725866,14925.9337,-21.73523185,0.08189142108,-552.1555632,
4632022800,-21.94205019,0.07996454872,-545.1962219,-43.14413993,0.006962945621,15471.52181,-47.3855855,0.004272880283,14965.83774,-21.77049069,0.08155967108,-559.8080121,
4644022600,-20.6831752,0.09243602048,-549.7756115,-42.65586154,0.00736557953,15500.03623,-46.70187811,0.004622810534,15003.38276,-20.14015565,0.09839934727,-557.95484,
4656022400,-20.0349604,0.09959831243,-552.0760636,-42.43417938,0.007555984021,15529.4361,-46.57261276,0.004692122716,15041.45276,-19.54695478,0.1053542989,-554.6739494,
4668022200,-19.13471006,0.1104751239,-548.8416948,-42.55558757,0.00745110394,15561.05112,-46.6966123,0.004625613959,15084.12669,-18.78808316,0.1149729942,-542.6732918,
4680022000,-19.0648001,0.1113678909,-546.1342793,-43.04391963,0.007043751377,15596.07201,-46.76475824,0.004589465272,15128.78627,-18.5989647,0.1175037603,-537.7588145,
4692021800,-19.51845357,0.1057005681,-537.9047595,-43.17401073,0.006939041158,15634.48063,-46.88934597,0.004524105264,15172.32999,-19.56601835,0.1051233235,-534.3700239,
4704021600,-19.82548752,0.1020294684,-539.9794506,-42.91650508,0.007147838739,15675.75142,-46.92888383,0.004503558501,15220.07128,-21.46983124,0.08443226462,-532.5246022,
4716021400,-20.21860326,0.09751464341,-540.8963451,-42.43453373,0.00755567578,15714.34898,-46.91464122,0.004510949227,15265.52329,-22.42733126,0.07561943652,-545.2206868,
4728021200,-20.29649091,0.09664412412,-546.827851,-42.33513155,0.007642640344,15751.47642,-47.18870344,0.004370839186,15307.32541,-22.4910401,0.07506681593,-562.3454464,
4740021000,-20.3421108,0.09613786205,-557.5493546,-42.64269633,0.007376752007,15788.53144,-48.06030754,0.003953526214,15348.06494,-21.21141514,0.08698197068,-568.1352821,
4752020800,-19.94770403,0.1006038958,-558.082734,-43.2006859,0.006917763409,15828.69322,-49.43206747,0.003375954824,15391.14371,-19.43301107,0.1067454682,-564.3827136,
4764020600,-19.29026649,0.1085142256,-556.3053687,-43.69698788,0.006533570865,15875.07053,-51.13391489,0.002775263702,15439.96324,-18.19407113,0.1231108822,-558.0203072,
4776020400,-18.73141863,0.1157255007,-552.9334945,-43.71163118,0.006522565377,15924.97598,-52.27514443,0.002433564035,15497.63165,-18.00394253,0.1258354114,-545.6197352,
4788020200,-19.32210243,0.108117222,-547.4364473,-43.03945439,0.007047373364,15972.21542,-52.42653989,0.002391514429,15556.83036,-18.77932568,0.1150889734,-537.8104013,
4800020000,-19.92641295,0.1008508011,-541.2625055,-41.89007149,0.008044451275,16016.99792,-51.65982202,0.002612214881,15615.168,-20.90210576,0.09013525923,-533.0293957,
4812019800,-21.53930561,0.08375962403,-541.5304554,-40.66006684,0.00926822691,16058.0862,-50.5824688,0.002957171826,15667.39839,-24.12979375,0.06215990079,-537.2450976,
4824019600,-23.21401636,0.06907154681,-549.5615486,-39.77109278,0.01026704253,16095.31383,-49.71699138,0.003267009752,15715.62307,-25.01887446,0.0561120683,-562.8262599,
4836019400,-23.05767287,0.07032607129,-557.8237461,-39.00274406,0.0112166404,16131.34241,-48.8394245,0.003614338093,15764.28428,-22.2896031,0.07682805614,-586.379821,
4848019200,-21.32664292,0.08583568034,-556.9031138,-38.48794069,0.01190153466,16166.02639,-48.45393297,0.003778360143,15810.76928,-19.45652691,0.1064568606,-583.2225428,
4860019000,-20.06883397,0.09921065144,-560.7338181,-38.58671183,0.01176696356,16200.41219,-48.23244066,0.003875948224,15856.38621,-17.55825559,0.1324607533,-571.9954232,
4872018800,-19.31485746,0.1082074411,-561.2223888,-39.39334627,0.01072340445,16236.3983,-48.3034791,0.003844377661,15902.95871,-17.01114143,0.1410726838,-563.5403582,
4884018600,-19.41173857,0.1070072175,-556.0049245,-40.08385842,0.009903918978,16275.44869,-48.33449995,0.003830672309,15949.04496,-17.6037359,0.1317689863,-551.3938005,
4896018400,-19.96826103,0.1003660768,-549.3528541,-40.41436038,0.009534150019,16316.97454,-48.29803646,0.003846787331,15995.36424,-18.94055192,0.1129724127,-539.5173394,
4908018200,-20.8935722,0.09022385719,-548.2866497,-40.71586043,0.009208883498,16359.09562,-48.05008321,0.003958182731,16040.29551,-22.02052852,0.07924531099,-541.0256502,
4920018000,-21.7104546,0.08212535694,-554.7891861,-40.96646526,0.008946985576,16398.3803,-47.85095112,0.004049975949,16083.02578,-25.6123289,0.05240630681,-553.8927042,
4932017800,-21.75388643,0.08171573262,-564.3527315,-40.85607709,0.009061417604,16436.19751,-47.7831468,0.004081714836,16123.8883,-23.91512617,0.06371529404,-586.2719387,
4944017600,-20.91163323,0.09003644493,-573.2106069,-40.88441499,0.009031902702,16472.22285,-47.73389278,0.004104926268,16163.81944,-20.61153909,0.09320153076,-595.9259622,
4956017400,-20.0675004,0.09922588471,-576.4971005,-41.43903743,0.008473213086,16509.0421,-48.06502538,0.003951379395,16203.98224,-18.79189229,0.1149225848,-585.6810878,
4968017200,-18.81902147,0.1145642,-572.6163076,-42.57100651,0.007437888682,16544.96801,-48.79774289,0.003631724161,16245.11462,-17.01377985,0.1410298382,-573.3773661,
4980017000,-18.97690298,0.1125006031,-569.0089801,-43.73719694,0.006503395301,16583.75112,-49.60532437,0.003309282032,16288.9516,-16.60198606,0.1478770223,-560.2279172,
4992016800,-18.89469799,0.1135703856,-555.8050736,-44.62215564,0.005873435689,16625.36626,-50.07840227,0.003133862132,16334.65839,-17.66164097,0.1308934612,-547.696841,
5004016600,-19.94905674,0.1005882293,-551.4490835,-45.68488479,0.005197036425,16668.38325,-50.32948184,0.003044569608,16382.60178,-20.01253982,0.09985573413,-536.4796014,
5016016400,-21.65130094,0.0826865654,-555.3598807,-46.51499167,0.004723353139,16712.14329,-50.48492178,0.002990569579,16429.02559,-23.78430473,0.06468219708,-540.1207043,
5028016200,-23.20737967,0.069124343,-567.7426889,-47.05115932,0.004440603882,16753.36486,-50.55838216,0.002965383674,16472.46285,-26.36031117,0.04808221228,-581.1415246,
5040016000,-22.95438429,0.07116734852,-580.4285571,-47.6797506,0.00413059362,16793.81107,-50.58683319,0.002955686312,16516.01734,-22.69550901,0.0733203534,-605.7963107,
5052015800,-20.69116023,0.09235108212,-581.6368456,-49.06270375,0.003522612018,16834.49823,-50.90600613,0.002849047523,16559.34686,-19.48406305,0.1061199038,-599.8407671,
5064015600,-19.32975864,0.1080219637,-581.1838355,-50.9371544,0.002838848918,16876.87205,-51.60505478,0.002628737745,16602.94492,-17.49560794,0.1334195903,-588.9513704,
5076015400,-18.97565722,0.1125167395,-575.0361674,-52.58770154,0.00234755039,16920.83673,-52.31544985,0.002422297647,16648.7675,-17.07096684,0.1401043623,-573.6371076,
5088015200,-18.9001825,0.1134986969,-564.3149366,-53.61317775,0.00208612877,16969.19135,-52.74035686,0.002306652418,16696.05605,-17.32176073,0.136116873,-559.9312428,
5100015000,-19.72793915,0.1031817864,-559.027437,-54.95732966,0.001787036887,17020.81501,-53.15509473,0.002199101444,16745.82227,-19.84620412,0.1017864093,-552.3096736,
5112014800,-21.42878881,0.08483216667,-557.7198075,-55.62995161,0.001653873999,17073.70729,-53.35278621,0.002149615028,16794.57424,-23.64324664,0.06574120616,-545.2184463,
5124014600,-22.47113117,0.07523907395,-560.0741614,-55.31057766,0.001715817594,17124.3851,-53.29187263,0.002164743121,16842.7376,-26.57749855,0.0468948415,-560.3600686,
5136014400,-22.30263394,0.07671288271,-569.0864077,-54.28472483,0.001930917677,17169.8247,-53.0201521,0.002233533109,16888.83072,-23.9741882,0.0632835145,-595.950193,
5148014200,-21.63608879,0.0828315066,-577.6974258,-53.99278746,0.001996919818,17212.49917,-53.08539798,0.002216818315,16934.45955,-21.07292346,0.08837996534,-606.3540151,
5160014000,-21.18853395,0.08721140891,-577.5062123,-53.7963537,0.002042595239,17253.99739,-53.54058425,0.002103636936,16979.7856,-19.19444953,0.1097179093,-599.5116855,
5172013800,-20.37793297,0.09574218874,-577.5456672,-53.89396324,0.002019769632,17295.25311,-54.0080844,0.001993406087,17025.20227,-17.982515,0.1261462226,-587.5138917,
5184013600,-19.8704711,0.1015024313,-572.3852572,-53.77776833,0.002046970499,17336.86793,-54.45950282,0.00189245194,17072.33363,-17.7981276,0.1288527287,-573.2384961,
5196013400,-19.75045313,0.1029146837,-569.0608445,-54.14707112,0.00196176257,17381.3381,-54.9495192,0.001788644535,17121.19937,-18.52248767,0.1185429189,-560.4770036,
5208013200,-20.59629691,0.09336522636,-563.7622934,-54.32249651,0.00192253907,17426.35354,-55.35949087,0.001706182395,17168.4893,-20.74895208,0.09173866075,-552.7964615,
5220013000,-21.59370704,0.08323666056,-567.6791811,-54.26624931,0.001935029252,17468.9665,-55.46984758,0.001684641989,17216.79497,-25.45215071,0.05338170791,-559.7523474,
5232012800,-22.85483978,0.0719876524,-578.5130486,-54.07805158,0.001977413164,17508.9925,-55.00991145,0.001776251378,17262.87513,-27.25220135,0.04339002822,-601.6220281,
5244012600,-22.09883592,0.07853408788,-585.7126306,-54.60924735,0.001860105737,17547.99153,-55.02317986,0.001773540079,17307.73262,-21.53982443,0.08375462113,-615.2614422,
5256012400,-21.0390092,0.08872572156,-590.3195392,-56.65119546,0.001470416024,17567.79017,-60.93456908,0.0008979900943,17334.36137,-18.38017969,0.1205011012,-613.5182551,
5268012200,-20.37426117,0.09578267051,-582.0012747,-58.33548274,0.001211227892,17598.96222,-61.78004144,0.000814700397,17383.12638,-17.12841077,0.1391808426,-598.3469815,
5280012000,-20.42954119,0.09517501207,-580.1188107,-60.86058058,0.000905672062,17635.29217,-62.47033918,0.0007524593468,17433.53244,-16.68476347,0.1464744333,-584.3999084,
5292011800,-20.2200206,0.0974987325,-575.5535275,-63.84872119,0.0006420427413,17665.19091,-63.23166269,0.000689313629,17487.52845,-17.51072902,0.1331875252,-571.3512567,
5304011600,-20.26060733,0.09704421102,-577.9030293,-69.9760163,0.0003171021488,17718.8116,-62.76345018,0.0007274907759,17533.42806,-19.32315641,0.1081041034,-559.1239771,
5316011400,-20.86907812,0.09047864629,-579.9463368,-77.19783165,0.0001380728908,17775.27941,-61.51302795,0.0008401340809,17585.83912,-22.7491464,0.07286897829,-556.4266568,
5328011200,-21.19880809,0.08710831147,-582.1444305,-74.99448077,0.0001779409733,17877.81002,-60.21709262,0.000975316045,17633.14834,-28.12268199,0.03925237149,-573.9310348,
5340011000,-21.25333161,0.08656322332,-582.4028356,-74.57233563,0.0001868027299,17951.05649,-58.60411703,0.001174340796,17675.01476,-24.66602759,0.0584384409,-615.750809,
5352010800,-20.9427124,0.08971485919,-589.3606817,-71.39823676,0.0002692081242,18006.25609,-56.56779613,0.001484602519,17715.20942,-20.11977253,0.09863053146,-621.1461148,
5364010600,-21.31590118,0.08594189805,-593.6543161,-68.84625444,0.0003611497163,18049.76163,-55.17208684,0.001743394446,17752.22577,-17.55868032,0.1324542762,-613.3250345,
5376010400,-20.48534836,0.0945654693,-588.9395503,-65.50951581,0.0005303031534,18087.92881,-53.20211497,0.002187228979,17790.02792,-16.89275846,0.1430085743,-600.0245849,
5388010200,-19.89866438,0.1011735016,-588.012817,-62.78840088,0.0007254040164,18125.66663,-51.56321793,0.002641429985,17828.64089,-17.23429314,0.1374945054,-583.0204028,
5400010000,-19.98716858,0.1001478364,-581.6262958,-60.20966449,0.000976150487,18160.56458,-50.12949142,0.003115483309,17868.41545,-18.11489772,0.1242381895,-571.9671297,
5412009800,-20.20993723,0.09761198361,-578.626607,-58.12116883,0.001241485234,18194.34369,-48.67065582,0.003685252157,17907.11743,-21.27754059,0.08632229346,-565.7533972,
5424009600,-21.50780181,0.0840639726,-582.3974791,-56.86227664,0.00143511323,18226.86163,-47.52403454,0.004205312488,17946.51827,-25.85391415,0.05096878634,-567.4689543,
5436009400,-22.76956897,0.07269784738,-587.8549011,-55.68545425,0.001643339474,18260.64754,-47.12457819,0.004403227155,17984.88589,-27.19421591,0.04368066129,-621.2729256,
5448009200,-22.45022671,0.07542037103,-597.729744,-54.96668477,0.001785113201,18297.06317,-47.54627464,0.004194558619,18023.56928,-22.81319465,0.07233363119,-642.412721,
5460009000,-21.51877572,0.08395783169,-605.5053995,-54.60620098,0.001860758241,18331.39505,-48.3720692,0.003814139209,18062.61222,-19.17604292,0.1099506633,-630.0044373,
5472008800,-20.81731968,0.09101940996,-603.5998909,-53.78477697,0.002045319465,18368.12248,-49.31006641,0.003423707697,18104.76202,-16.87047093,0.1433759978,-615.3941227,
5484008600,-20.25537849,0.09710264851,-594.6921322,-52.88458102,0.002268668019,18405.10339,-50.27297282,0.003064441669,18151.25156,-16.03110958,0.1579226856,-597.6259181,
5496008400,-19.42893353,0.106795591,-584.0499973,-52.32466514,0.002419729077,18441.98927,-51.24393194,0.002740333394,18197.47266,-16.70193219,0.1461851947,-579.7741034,
5508008200,-19.78680666,0.1024848494,-578.2010284,-51.59944446,0.002630436226,18480.71818,-51.64033843,0.002618080998,18243.86107,-18.80722573,0.1147198878,-560.0468992,
5520008000,-21.19561053,0.08714038487,-573.7636943,-50.57896083,0.00295836638,18516.53164,-51.75000964,0.00258523197,18287.62068,-24.005921,0.06305273797,-543.2712539,
5532007800,-22.65720805,0.07364437787,-584.6946786,-49.69299001,0.003276049833,18551.66148,-51.34734403,0.0027079011,18333.66863,-60.58545991,0.0009348178673,-559.457059,
5544007600,-24.26831195,0.06117646839,-600.5748819,-49.03411113,0.003534227026,18586.97754,-50.7836129,0.002889477752,18376.65386,-24.45942738,0.05984510466,-680.524767,
5556007400,-22.93285879,0.07134393518,-609.972325,-48.59707716,0.003716602735,18620.90965,-50.14415535,0.003110228041,18416.54768,-19.00983672,0.1120748495,-662.8175677,
5568007200,-20.96365453,0.08949881258,-608.035775,-48.4027065,0.003800709488,18655.49877,-49.45359622,0.003367597582,18456.39213,-17.56907926,0.1322957939,-637.0172319,
5580007000,-19.08239497,0.1111425231,-607.2133824,-48.28502295,0.003852555043,18689.21689,-49.55706612,0.003327719364,18495.21632,-15.46199195,0.168616629,-611.1805918,
5592006800,-18.89955257,0.1135069284,-604.9429077,-48.56254791,0.003731406851,18725.7291,-49.70039767,0.003273257083,18533.05058,-15.36695889,0.1704716072,-592.3603303,
5604006600,-20.03272873,0.09962390562,-597.2491873,-48.79607289,0.003632422485,18763.63878,-50.13186172,0.00311463324,18573.41592,-16.96900675,0.1417586806,-573.3850039,
5616006400,-20.99814678,0.08914411161,-589.7704467,-49.17525131,0.00347726216,18798.89464,-50.28169822,0.003061364832,18607.29362,-20.16612899,0.09810554408,-553.495208,
5628006200,-22.56380791,0.07444055537,-598.4418004,-48.47999441,0.003767040415,18839.85696,-50.82734972,0.002874964682,18653.89875,-29.52145029,0.03341392439,-552.9661445,
5640006000,-23.82385369,0.06438835286,-608.3834351,-48.20016499,0.003890377552,18876.0021,-51.38385653,0.002696541902,18693.96591,-29.83233048,0.03223914207,-663.9547298,
5652005800,-23.3404244,0.06807360967,-616.8471514,-48.34132455,0.003827663693,18912.65311,-51.79261323,0.002572582661,18732.19467,-21.22375428,0.0868584922,-660.7015395,
5664005600,-22.13024588,0.07825060535,-611.7929748,-48.55316358,0.003735440483,18949.50465,-52.61214662,0.002340952863,18769.50327,-17.79339683,0.1289229274,-646.1903272,
5676005400,-20.6691849,0.09258502646,-610.8998299,-49.05011927,0.003527719424,18985.31182,-53.47648207,0.002119219281,18806.81626,-16.5809736,0.148235192,-630.6822474,
5688005200,-20.10887056,0.09875440391,-609.626928,-49.54067197,0.003334006187,19023.72675,-54.9772653,0.001782940026,18841.6816,-16.57539294,0.1483304633,-610.3983661,
5700005000,-19.7244426,0.1032233311,-603.9712981,-50.06441488,0.003138912836,19061.58628,-56.09928717,0.001566879654,18872.49553,-17.81081557,0.1286646437,-592.240673,
5712004800,-20.16645603,0.09810185027,-597.8291996,-50.20308497,0.003089198047,19099.67401,-57.16791885,0.001385492112,18906.14093,-20.28235549,0.09680153082,-574.5420109,
5724004600,-20.79931217,0.09120830633,-600.9845031,-50.33769944,0.003041690547,19137.50564,-58.25844691,0.001222018144,18938.1655,-24.54597342,0.05925177011,-570.0855012,
5736004400,-21.78898762,0.08138617146,-607.1466964,-50.45819528,0.002999785737,19174.34502,-58.55337385,0.001181221403,18970.24006,-31.81982649,0.02564535264,-614.9179225,
5748004200,-22.44990875,0.07542313198,-611.3265664,-50.71263325,0.002913186827,19208.48636,-58.5000527,0.001188495016,18998.13644,-24.83566335,0.05730820852,-658.8645788,
5760004000,-21.79464507,0.08133317885,-614.0352496,-51.17720555,0.002761466141,19244.54962,-57.7601037,0.00129418039,19027.20836,-20.06943299,0.09920380968,-655.0336931,
5772003800,-21.03929735,0.08872277822,-615.1702329,-52.2053415,0.002453199825,19276.91945,-56.6152058,0.001476521278,19059.16326,-18.31663418,0.1213859135,-641.1925758,
5784003600,-20.82127697,0.09097795097,-616.1632508,-53.20576502,0.00218631004,19312.66633,-56.06994531,0.001572181692,19092.46918,-17.86229255,0.1279043669,-623.9418052,
5796003400,-20.84999057,0.09067769486,-608.9381273,-54.56136184,0.001870388864,19349.31877,-55.42776583,0.001692823615,19124.74203,-18.23894603,0.1224764807,-605.6108316,
5808003200,-21.13776062,0.08772269572,-606.2697765,-55.67858918,0.001644638835,19383.84456,-55.13111662,0.001751637237,19160.18334,-19.61035778,0.1045880608,-592.1458017,
5820003000,-21.83284912,0.08097622824,-607.0663279,-56.71515162,0.001459628783,19418.78927,-54.80060247,0.001819574646,19197.90868,-23.27297173,0.068604312,-584.9728107,
5832002800,-23.22576694,0.06897816761,-611.1761753,-57.74026628,0.001297139505,19449.84229,-54.58086174,0.001866194534,19237.24897,-29.88653628,0.03203857459,-597.3835662,
5844002600,-23.40862327,0.06754120997,-615.9953908,-59.59201204,0.00104809198,19480.80838,-54.0369283,0.001986797408,19279.43967,-27.33322187,0.0429871751,-658.3681315,
5856002400,-23.14867185,0.06959313603,-620.667541,-62.24945488,0.0007718399538,19510.21942,-53.5088792,0.002111329619,19320.6774,-22.45336687,0.07539310969,-664.322402,
5868002200,-23.69946054,0.06531711184,-628.4862738,-65.26228651,0.0005456142126,19530.55703,-53.28683622,0.002165998686,19360.9467,-19.35181311,0.1077480315,-653.0753612,
5880002000,-23.23044705,0.06894101097,-622.588286,-69.49159147,0.0003352898653,19539.62623,-53.1811531,0.002192513849,19400.73899,-17.80832951,0.1287014751,-638.9141239,
5892001800,-21.86276828,0.08069777971,-624.9367783,-76.84971224,0.0001437190665,19529.9196,-52.94425509,0.002253135164,19442.38963,-17.88773747,0.1275302251,-624.1261216,
5904001600,-22.60941201,0.07405073944,-622.6893915,-72.47871017,0.0002377193266,19471.25805,-52.9548513,0.002250388164,19485.45708,-18.9223564,0.1132093196,-605.3047728,
5916001400,-22.0602504,0.07888373768,-614.1670807,-65.26662355,0.0005453418443,19489.32086,-52.97203371,0.00224594085,19529.22753,-20.65828528,0.09270128114,-593.2687018,
5928001200,-23.61607324,0.0659471965,-610.6599215,-61.51438164,0.0008400031567,19520.3315,-52.6712232,0.002325085031,19574.42299,-24.90947464,0.05682327599,-599.2458449,
5940001000,-21.54240803,0.08372971225,-591.2795975,-56.64088831,0.001472161936,19548.00611,-51.42509706,0.002683769092,19618.19376,-28.44495654,0.03782266907,-635.8636149,
5952000800,-24.69801363,0.05822363535,-629.4604953,-53.39353695,0.002139553509,19578.00709,-50.77961067,0.002890809454,19658.94755,-24.29727697,0.06097280176,-665.477668,
5964000600,-23.10483908,0.06994522092,-634.3344912,-51.56443612,0.002641059552,19607.57771,-50.46623657,0.002997009858,19698.73848,-20.08170616,0.09906373364,-661.4352969,
5976000400,-21.5165964,0.08397889965,-637.9958071,-50.25935573,0.003069249641,19639.16586,-50.29171763,0.0030578355,19737.74583,-18.30355131,0.1215688853,-650.8735399,
5988000200,-19.98233901,0.1002035366,-634.5979737,-49.65257204,0.003291329771,19671.67468,-50.96521276,0.00282969327,19776.34275,-17.75915962,0.1294321063,-635.716645,
6000000000,-20.06335915,0.09927320486,-629.5042127,-48.72432437,0.00366255185,19706.89406,-51.54138447,0.00264807802,19817.26224,-18.72068575,0.1158685874,-619.5276946,
